soil_moisture,evapotranspiration,temperature,humidity,rainfall,ph,soil_type,crop_type,irrigation_schedule
82,2.75,37,49,285,6.8,Red,Rice,As-needed
26,9.57,35,37,49,6.94,Clayey,Rice,Daily
76,3.24,25,82,172,5.51,Clayey,Rice,Monthly
51,4.88,23,34,137,7.83,Loamy,Cotton,Bi-weekly
77,3.49,21,73,201,6.29,Red,Maize,Monthly
60,2.35,21,70,237,6.54,Sandy,Sugarcane,Monthly
62,4.29,27,61,101,7.3,Clayey,Wheat,Bi-weekly
79,2.36,16,57,296,6.06,Black,Sugarcane,As-needed
23,10.81,37,56,48,6.85,Loamy,Maize,Daily
63,2.29,28,40,161,7.35,Clayey,Rice,Monthly
28,9.17,15,77,17,6.69,Sandy,Rice,Daily
60,3.72,19,49,233,7.66,Clayey,Rice,Monthly
63,5.45,24,44,135,5.99,Black,Maize,Bi-weekly
37,7.04,16,77,77,7.53,Clayey,Rice,Weekly
10,8.52,34,47,29,8.05,Red,Wheat,Daily
26,11.8,18,59,46,7.51,Sandy,Wheat,Daily
35,6.98,25,59,107,6.58,Sandy,Sugarcane,Weekly
24,9.89,16,79,13,7.98,Red,Sugarcane,Daily
78,2.53,21,73,203,7.52,Sandy,Rice,As-needed
80,2.4,19,41,249,7.69,Loamy,Sugarcane,As-needed
47,5.53,36,32,111,6.76,Red,Wheat,Weekly
80,2.17,32,69,235,8.43,Loamy,Wheat,As-needed
84,2.55,33,60,230,7.14,Black,Rice,As-needed
69,4.42,20,83,128,7.0,Loamy,Maize,Bi-weekly
82,2.11,28,48,244,7.02,Sandy,Maize,As-needed
11,8.1,25,70,19,6.26,Black,Wheat,Daily
59,5.55,33,89,197,7.75,Sandy,Rice,Bi-weekly
59,4.47,28,82,191,5.78,Black,Sugarcane,Bi-weekly
51,5.03,21,71,65,7.23,Sandy,Rice,Weekly
30,11.66,38,42,42,6.58,Red,Wheat,Daily
40,5.49,26,74,33,6.32,Loamy,Maize,Weekly
65,3.1,19,51,168,6.53,Loamy,Rice,Bi-weekly
32,7.67,36,60,58,5.73,Black,Rice,Weekly
62,4.12,32,69,185,7.32,Loamy,Cotton,Bi-weekly
56,3.22,30,77,193,5.65,Sandy,Sugarcane,Bi-weekly
44,7.0,24,81,82,7.0,Black,Rice,Weekly
78,2.29,19,81,294,6.61,Loamy,Rice,As-needed
76,3.94,29,34,264,6.53,Loamy,Maize,Monthly
60,4.07,21,65,108,6.36,Loamy,Wheat,Bi-weekly
33,11.47,32,73,46,7.29,Clayey,Cotton,Daily
37,10.81,35,33,11,7.89,Black,Sugarcane,Daily
72,1.48,25,44,278,6.39,Sandy,Rice,As-needed
28,11.85,34,43,7,5.68,Black,Rice,Daily
57,5.23,38,47,50,7.47,Clayey,Sugarcane,Weekly
64,3.41,25,62,211,6.17,Red,Cotton,Monthly
56,4.01,39,51,194,7.42,Sandy,Wheat,Bi-weekly
58,5.03,31,53,35,6.14,Clayey,Sugarcane,Weekly
68,5.55,17,64,119,8.15,Clayey,Wheat,Bi-weekly
30,8.38,20,72,36,6.64,Clayey,Cotton,Daily
82,1.06,21,81,274,6.11,Sandy,Wheat,As-needed
75,2.11,23,51,175,6.77,Black,Sugarcane,Monthly
18,8.47,22,75,44,6.12,Loamy,Cotton,Daily
62,3.79,38,82,281,6.26,Black,Maize,Monthly
11,10.2,30,44,39,8.25,Sandy,Cotton,Daily
63,5.09,39,62,188,7.12,Red,Sugarcane,Bi-weekly
71,2.11,34,65,275,6.49,Black,Sugarcane,As-needed
73,2.3,27,50,190,7.2,Sandy,Wheat,Monthly
81,2.66,22,40,228,6.65,Black,Sugarcane,As-needed
54,3.02,37,61,178,6.38,Sandy,Rice,Bi-weekly
36,11.45,23,49,19,7.98,Sandy,Rice,Daily
74,2.25,32,36,248,5.66,Clayey,Cotton,Monthly
40,6.74,29,88,88,6.68,Black,Wheat,Weekly
78,1.52,16,84,264,7.19,Loamy,Maize,As-needed
63,4.88,20,47,170,8.45,Sandy,Cotton,Bi-weekly
70,1.39,27,40,249,6.43,Black,Wheat,As-needed
83,2.93,30,68,233,7.81,Sandy,Cotton,As-needed
64,5.39,26,52,126,8.26,Sandy,Cotton,Bi-weekly
73,3.14,27,57,283,5.62,Red,Wheat,Monthly
39,11.82,18,59,7,5.97,Loamy,Cotton,Daily
64,3.03,38,42,157,5.84,Red,Rice,Monthly
63,2.06,17,37,197,6.93,Sandy,Rice,Monthly
29,10.67,17,87,17,6.95,Loamy,Sugarcane,Daily
67,3.5,30,74,206,7.43,Red,Cotton,Monthly
66,5.38,30,35,126,5.81,Red,Maize,Bi-weekly
45,5.8,16,38,34,7.48,Clayey,Sugarcane,Weekly
12,8.99,15,68,9,6.22,Black,Maize,Daily
82,1.06,27,42,223,6.43,Red,Sugarcane,As-needed
48,7.36,36,56,75,6.47,Red,Rice,Weekly
25,11.92,36,32,31,7.83,Loamy,Rice,Daily
82,1.63,24,81,217,8.16,Black,Rice,As-needed
35,9.5,19,34,40,6.58,Black,Rice,Daily
50,4.21,35,66,138,5.71,Sandy,Sugarcane,Bi-weekly
71,2.11,38,66,268,6.42,Black,Wheat,Monthly
72,3.78,36,62,245,8.12,Red,Sugarcane,Monthly
70,1.45,28,88,293,8.2,Red,Cotton,As-needed
76,3.97,21,84,242,6.26,Black,Wheat,Monthly
73,2.43,20,40,263,7.03,Loamy,Sugarcane,As-needed
42,7.03,24,44,97,7.7,Clayey,Cotton,Weekly
31,9.85,30,61,12,6.19,Clayey,Rice,Daily
73,2.24,22,77,204,6.26,Sandy,Wheat,As-needed
77,2.21,30,73,181,6.37,Black,Wheat,Monthly
78,2.69,30,67,247,6.01,Loamy,Maize,As-needed
31,9.98,29,89,1,7.88,Loamy,Rice,Daily
33,10.45,34,86,41,6.77,Red,Cotton,Daily
78,2.85,33,61,247,7.56,Red,Maize,As-needed
75,1.66,31,32,222,8.34,Loamy,Cotton,As-needed
42,7.98,28,85,76,6.42,Black,Cotton,Weekly
63,3.33,18,75,178,6.73,Sandy,Sugarcane,Monthly
68,2.4,30,68,159,8.43,Clayey,Rice,Monthly
80,2.74,18,48,294,6.95,Loamy,Wheat,As-needed
67,3.62,32,79,132,5.81,Red,Rice,Bi-weekly
60,4.4,19,38,165,7.39,Sandy,Cotton,Bi-weekly
40,5.95,29,66,144,7.62,Clayey,Sugarcane,Weekly
70,2.69,33,89,268,7.7,Loamy,Rice,Monthly
29,9.7,21,58,4,5.96,Sandy,Maize,Daily
68,4.55,33,30,166,7.17,Loamy,Sugarcane,Bi-weekly
41,7.93,36,84,79,6.25,Sandy,Cotton,Weekly
36,11.85,21,65,11,6.83,Black,Maize,Daily
43,5.22,24,67,61,7.69,Sandy,Sugarcane,Weekly
39,6.45,32,47,70,6.95,Red,Cotton,Weekly
53,7.19,25,73,97,7.84,Black,Rice,Weekly
67,3.48,18,66,174,8.06,Loamy,Wheat,Monthly
67,5.3,37,31,100,6.12,Black,Rice,Bi-weekly
75,2.75,16,35,227,7.15,Clayey,Sugarcane,As-needed
31,7.28,33,60,50,6.9,Clayey,Rice,Weekly
17,9.9,17,80,18,6.14,Black,Maize,Daily
59,3.71,21,59,176,7.14,Sandy,Rice,Bi-weekly
59,3.35,37,86,108,7.92,Clayey,Rice,Bi-weekly
37,10.36,36,37,27,7.23,Sandy,Cotton,Daily
78,2.21,24,70,256,7.76,Black,Wheat,As-needed
81,1.52,15,52,274,8.08,Black,Rice,As-needed
54,5.12,19,35,125,5.57,Sandy,Cotton,Bi-weekly
66,3.39,36,72,148,7.12,Red,Wheat,Bi-weekly
56,6.55,38,48,53,7.2,Loamy,Maize,Weekly
23,8.83,16,84,37,7.57,Sandy,Rice,Daily
78,3.07,35,63,208,6.7,Red,Wheat,Monthly
46,6.37,36,52,149,6.73,Clayey,Cotton,Weekly
55,5.08,28,54,140,8.25,Black,Rice,Bi-weekly
61,3.36,17,80,140,7.53,Clayey,Cotton,Bi-weekly
28,9.03,19,51,6,6.2,Red,Wheat,Daily
77,1.01,30,52,201,6.08,Sandy,Rice,As-needed
70,1.86,34,73,213,5.63,Sandy,Maize,As-needed
48,6.18,16,72,84,5.97,Clayey,Cotton,Weekly
51,5.0,23,85,31,6.18,Red,Sugarcane,Weekly
50,5.32,31,50,151,6.61,Black,Wheat,Bi-weekly
79,2.82,33,59,244,8.2,Black,Cotton,Monthly
72,1.36,17,35,291,6.38,Clayey,Rice,As-needed
71,3.0,22,44,267,7.77,Black,Maize,As-needed
79,2.44,21,57,262,7.48,Loamy,Sugarcane,As-needed
61,3.88,18,73,164,6.49,Clayey,Sugarcane,Monthly
69,2.67,15,57,196,7.57,Clayey,Sugarcane,Monthly
31,8.6,39,62,21,5.56,Red,Rice,Daily
74,1.3,36,61,260,5.59,Sandy,Sugarcane,As-needed
68,3.85,28,74,111,7.0,Red,Rice,Bi-weekly
64,2.98,33,60,215,5.93,Clayey,Cotton,Monthly
33,5.9,21,89,53,7.34,Black,Maize,Weekly
38,6.12,21,59,139,5.98,Sandy,Cotton,Weekly
70,3.46,33,38,190,6.93,Clayey,Maize,Monthly
10,11.94,30,56,26,8.05,Loamy,Wheat,Daily
35,8.46,37,59,19,7.99,Loamy,Maize,Daily
70,1.77,32,60,240,5.92,Black,Maize,As-needed
51,3.61,19,47,123,7.56,Black,Maize,Bi-weekly
48,7.83,24,77,143,6.79,Black,Cotton,Weekly
51,3.01,31,50,114,7.73,Loamy,Wheat,Bi-weekly
20,10.38,24,39,10,7.71,Red,Wheat,Daily
10,9.5,27,39,2,8.1,Sandy,Wheat,Daily
41,5.23,22,57,82,5.86,Red,Maize,Weekly
73,2.61,35,77,207,5.77,Clayey,Sugarcane,As-needed
50,6.5,23,54,80,6.74,Black,Cotton,Weekly
78,2.13,25,45,293,6.75,Loamy,Cotton,As-needed
43,6.52,15,43,123,5.91,Clayey,Rice,Weekly
67,3.77,34,78,105,7.8,Sandy,Rice,Bi-weekly
37,10.64,35,35,14,6.07,Sandy,Maize,Daily
63,5.47,36,68,164,8.28,Loamy,Cotton,Bi-weekly
71,1.75,19,70,207,8.5,Clayey,Wheat,As-needed
71,2.86,28,48,244,7.39,Clayey,Maize,Monthly
76,1.99,23,79,226,8.12,Loamy,Cotton,As-needed
68,2.73,32,72,270,6.43,Clayey,Sugarcane,Monthly
37,8.23,26,67,13,6.06,Black,Rice,Daily
81,1.25,31,86,254,6.29,Red,Rice,As-needed
68,5.69,37,72,157,5.7,Loamy,Sugarcane,Bi-weekly
32,6.31,19,60,92,5.59,Clayey,Sugarcane,Weekly
80,2.04,30,32,235,6.51,Black,Wheat,As-needed
76,2.55,25,30,261,5.51,Sandy,Maize,As-needed
42,5.81,36,84,141,6.54,Loamy,Wheat,Weekly
76,2.15,30,66,212,5.54,Clayey,Cotton,Monthly
38,6.69,19,43,81,5.81,Red,Sugarcane,Weekly
61,3.06,19,70,236,7.57,Red,Maize,Monthly
55,4.64,33,35,110,6.75,Clayey,Wheat,Bi-weekly
76,2.62,27,64,224,7.1,Loamy,Cotton,As-needed
77,2.38,28,59,290,7.23,Black,Sugarcane,Monthly
42,6.14,39,37,138,7.52,Sandy,Rice,Weekly
82,2.25,35,84,216,5.92,Red,Maize,As-needed
53,5.63,37,47,138,6.52,Red,Maize,Bi-weekly
60,5.42,16,84,173,7.22,Black,Cotton,Bi-weekly
44,5.85,31,56,31,6.83,Loamy,Maize,Weekly
82,2.74,36,39,271,6.52,Black,Rice,As-needed
73,2.55,36,65,223,8.33,Red,Rice,As-needed
57,3.93,30,37,174,7.28,Red,Rice,Bi-weekly
74,2.93,26,72,220,7.91,Red,Rice,Monthly
51,5.59,21,55,112,8.3,Red,Sugarcane,Weekly
12,10.51,26,42,39,6.6,Clayey,Cotton,Daily
63,2.47,33,55,223,5.97,Black,Sugarcane,Monthly
16,11.25,29,37,32,6.41,Red,Maize,Daily
28,8.56,35,48,19,7.46,Red,Wheat,Daily
59,6.5,36,56,98,6.14,Black,Cotton,Weekly
64,3.29,17,57,128,7.76,Loamy,Maize,Bi-weekly
55,5.65,21,31,168,6.03,Sandy,Cotton,Bi-weekly
54,6.77,20,74,139,6.62,Black,Maize,Weekly
60,2.09,17,71,298,5.71,Sandy,Cotton,Monthly
81,1.77,18,86,289,6.94,Loamy,Wheat,As-needed
46,6.55,26,37,118,5.66,Black,Maize,Weekly
14,9.13,31,42,39,5.95,Black,Maize,Daily
30,5.16,30,76,143,5.96,Black,Maize,Weekly
50,5.4,37,44,128,7.5,Black,Rice,Weekly
39,11.11,35,36,1,5.95,Red,Cotton,Daily
63,2.08,30,32,211,5.75,Black,Maize,Monthly
64,3.0,35,55,153,5.84,Black,Wheat,Monthly
65,5.79,31,87,107,5.73,Red,Rice,Bi-weekly
33,9.12,33,66,13,7.32,Loamy,Cotton,Daily
80,2.83,15,87,284,7.78,Clayey,Wheat,As-needed
34,11.19,17,71,7,7.51,Sandy,Maize,Daily
30,9.24,16,37,11,6.5,Loamy,Rice,Daily
19,11.61,24,40,25,6.64,Black,Wheat,Daily
46,6.52,30,83,142,7.95,Loamy,Cotton,Weekly
78,1.24,24,44,251,5.84,Black,Cotton,As-needed
60,3.24,30,52,152,6.34,Red,Rice,Bi-weekly
11,9.75,33,79,20,6.44,Loamy,Cotton,Daily
55,5.16,26,69,105,6.3,Black,Maize,Weekly
74,3.49,21,44,255,6.92,Red,Cotton,Monthly
50,4.86,27,38,181,7.61,Red,Sugarcane,Bi-weekly
13,8.37,26,50,7,8.29,Clayey,Cotton,Daily
55,5.4,25,63,82,6.62,Black,Cotton,Weekly
68,3.55,38,51,105,7.48,Sandy,Maize,Bi-weekly
82,1.66,36,86,217,6.83,Sandy,Wheat,As-needed
71,1.18,36,59,246,6.74,Red,Rice,As-needed
54,7.53,31,65,36,6.52,Red,Wheat,Weekly
19,11.85,28,46,27,7.07,Clayey,Wheat,Daily
82,2.81,22,71,210,6.13,Black,Sugarcane,As-needed
27,9.46,25,61,3,7.35,Sandy,Sugarcane,Daily
81,1.5,26,64,228,7.37,Black,Wheat,As-needed
37,8.4,36,44,41,7.41,Clayey,Cotton,Daily
73,1.61,38,65,226,6.35,Loamy,Cotton,As-needed
62,3.71,28,33,269,8.04,Clayey,Maize,Monthly
71,1.78,31,80,208,5.9,Clayey,Cotton,As-needed
12,8.12,27,35,5,7.96,Black,Rice,Daily
67,4.13,16,78,169,6.83,Sandy,Cotton,Bi-weekly
50,4.18,26,80,131,8.47,Clayey,Maize,Bi-weekly
74,2.15,23,70,215,6.32,Black,Maize,Monthly
41,6.63,29,84,95,6.41,Loamy,Wheat,Weekly
58,7.26,25,42,30,6.69,Black,Sugarcane,Weekly
62,2.02,15,69,156,6.91,Red,Maize,Monthly
51,6.37,17,65,120,6.59,Red,Rice,Weekly
63,3.46,39,53,101,7.37,Clayey,Wheat,Bi-weekly
76,2.01,23,67,264,7.33,Sandy,Rice,Monthly
22,9.68,31,61,4,7.48,Black,Cotton,Daily
68,5.35,33,50,167,7.33,Black,Maize,Bi-weekly
81,2.57,31,73,254,6.02,Loamy,Cotton,As-needed
50,3.41,23,73,108,6.49,Clayey,Sugarcane,Bi-weekly
60,2.11,30,76,164,8.26,Sandy,Wheat,Monthly
53,5.99,20,63,100,7.08,Loamy,Wheat,Bi-weekly
15,11.95,29,49,40,8.42,Red,Cotton,Daily
53,3.64,36,71,172,6.16,Clayey,Wheat,Bi-weekly
47,6.82,15,60,62,7.09,Clayey,Sugarcane,Weekly
77,3.38,17,89,249,5.53,Sandy,Rice,Monthly
56,4.18,35,46,145,8.5,Black,Cotton,Bi-weekly
58,5.87,33,84,88,8.32,Sandy,Sugarcane,Weekly
55,7.88,27,47,56,6.64,Red,Sugarcane,Weekly
73,2.96,21,53,236,5.86,Sandy,Wheat,As-needed
63,3.79,32,72,236,8.02,Loamy,Cotton,Monthly
38,8.15,26,39,21,7.17,Red,Rice,Daily
72,1.62,34,82,205,7.99,Loamy,Sugarcane,As-needed
35,11.71,28,69,17,8.01,Clayey,Rice,Daily
69,3.95,22,44,191,7.79,Black,Wheat,Monthly
62,4.35,22,46,160,8.38,Loamy,Wheat,Bi-weekly
74,2.3,36,46,167,6.47,Black,Cotton,Monthly
29,9.4,34,41,25,8.3,Loamy,Wheat,Daily
33,11.38,19,87,43,6.01,Red,Sugarcane,Daily
20,9.17,26,48,22,7.97,Sandy,Cotton,Daily
60,4.71,29,66,153,7.26,Black,Sugarcane,Bi-weekly
70,2.51,24,56,263,7.32,Clayey,Wheat,Monthly
76,1.0,20,80,285,7.99,Red,Wheat,As-needed
39,5.8,31,75,111,7.47,Red,Sugarcane,Weekly
71,2.82,23,43,299,8.2,Loamy,Rice,As-needed
84,2.74,17,44,216,6.44,Loamy,Sugarcane,As-needed
74,2.76,33,75,283,6.05,Clayey,Maize,As-needed
38,6.78,18,73,61,6.79,Clayey,Maize,Weekly
56,5.81,27,31,101,6.44,Loamy,Wheat,Weekly
63,3.13,37,44,232,7.63,Red,Maize,Monthly
15,11.05,37,41,6,5.84,Clayey,Maize,Daily
70,1.98,36,65,242,6.83,Loamy,Sugarcane,As-needed
69,3.3,15,57,262,6.52,Loamy,Sugarcane,Monthly
59,7.31,26,78,102,8.44,Loamy,Rice,Weekly
63,3.68,27,58,237,5.61,Sandy,Wheat,Monthly
76,3.5,25,78,231,8.06,Clayey,Sugarcane,Monthly
18,11.47,34,72,46,8.15,Sandy,Cotton,Daily
36,9.67,31,75,48,7.97,Clayey,Rice,Daily
84,1.64,18,34,232,8.25,Clayey,Rice,As-needed
37,9.86,35,86,33,7.1,Sandy,Cotton,Daily
39,9.28,36,40,4,7.26,Black,Sugarcane,Daily
65,3.16,39,57,180,7.46,Black,Cotton,Monthly
77,3.42,22,31,297,6.31,Loamy,Sugarcane,Monthly
74,2.18,28,43,242,5.74,Clayey,Sugarcane,Monthly
73,2.77,34,33,285,7.67,Loamy,Cotton,As-needed
48,5.13,23,71,54,5.63,Sandy,Rice,Weekly
38,11.46,28,70,22,7.02,Loamy,Rice,Daily
39,10.28,24,74,43,7.28,Clayey,Sugarcane,Daily
70,2.23,24,80,255,5.83,Red,Sugarcane,As-needed
79,1.52,28,78,262,6.59,Sandy,Sugarcane,As-needed
52,5.74,28,42,149,5.53,Black,Sugarcane,Weekly
34,6.59,16,51,88,5.82,Black,Sugarcane,Weekly
16,10.36,34,52,36,6.84,Red,Cotton,Daily
81,2.42,32,56,229,6.93,Clayey,Maize,As-needed
78,3.47,32,38,234,6.52,Black,Wheat,Monthly
30,7.1,35,62,90,6.26,Black,Rice,Weekly
80,1.45,28,50,257,8.44,Clayey,Maize,As-needed
61,5.34,24,72,158,7.06,Clayey,Sugarcane,Bi-weekly
61,2.4,21,74,174,7.37,Clayey,Wheat,Monthly
53,3.3,20,88,127,6.59,Clayey,Rice,Bi-weekly
10,9.48,28,46,46,6.65,Black,Rice,Daily
66,5.04,38,47,140,8.15,Red,Rice,Bi-weekly
74,1.67,38,73,239,6.84,Loamy,Sugarcane,As-needed
70,3.02,35,67,242,6.01,Sandy,Cotton,Monthly
68,5.86,23,72,163,7.98,Black,Wheat,Bi-weekly
52,5.14,16,56,179,7.3,Black,Wheat,Bi-weekly
35,7.32,30,32,111,5.81,Sandy,Cotton,Weekly
61,3.29,23,64,237,6.8,Red,Maize,Monthly
60,3.7,32,73,290,7.93,Sandy,Maize,Monthly
73,1.06,25,58,259,5.64,Loamy,Rice,As-needed
66,2.44,19,80,186,6.88,Black,Rice,Monthly
24,10.78,21,42,25,6.72,Loamy,Maize,Daily
72,1.06,21,78,286,8.32,Loamy,Cotton,As-needed
31,10.79,34,63,33,8.35,Red,Rice,Daily
29,9.51,38,51,13,6.65,Loamy,Maize,Daily
59,3.93,25,68,138,8.05,Clayey,Sugarcane,Bi-weekly
40,6.1,18,75,63,8.3,Black,Maize,Weekly
74,2.91,25,55,264,8.29,Black,Rice,As-needed
46,6.71,37,45,138,7.76,Loamy,Rice,Weekly
70,1.01,31,82,246,6.36,Sandy,Wheat,As-needed
57,5.89,19,39,103,8.1,Red,Maize,Weekly
53,7.73,19,73,143,8.0,Red,Cotton,Weekly
36,5.73,31,42,51,6.56,Loamy,Rice,Weekly
75,3.66,29,36,239,6.16,Clayey,Sugarcane,Monthly
42,6.04,33,58,64,7.58,Black,Rice,Weekly
39,9.61,38,35,24,5.92,Black,Wheat,Daily
84,1.08,39,51,268,8.06,Sandy,Maize,As-needed
25,9.84,19,55,0,5.74,Clayey,Sugarcane,Daily
24,11.0,39,43,4,5.71,Loamy,Cotton,Daily
51,3.4,35,48,106,6.98,Red,Wheat,Bi-weekly
79,1.56,26,35,244,6.11,Sandy,Maize,As-needed
60,2.85,34,41,247,7.48,Red,Wheat,Monthly
15,11.46,26,44,30,6.4,Clayey,Sugarcane,Daily
71,2.64,22,67,293,8.28,Black,Wheat,As-needed
52,5.54,25,64,112,7.07,Red,Rice,Bi-weekly
32,5.74,22,60,120,6.9,Black,Rice,Weekly
80,1.79,39,36,223,6.8,Clayey,Wheat,As-needed
34,8.06,22,79,21,7.22,Black,Wheat,Daily
75,2.42,29,38,277,7.99,Clayey,Cotton,As-needed
79,2.77,26,31,229,7.96,Loamy,Cotton,Monthly
64,3.05,26,58,138,6.3,Sandy,Sugarcane,Bi-weekly
23,11.0,25,68,28,6.24,Clayey,Maize,Daily
53,6.95,33,75,83,6.4,Clayey,Rice,Weekly
79,3.21,19,33,167,5.52,Sandy,Maize,Monthly
81,2.53,29,33,281,7.4,Black,Rice,As-needed
37,11.42,36,51,48,5.84,Black,Wheat,Daily
41,7.56,19,38,78,8.37,Clayey,Sugarcane,Weekly
72,1.04,19,46,237,5.93,Loamy,Cotton,As-needed
76,1.8,27,87,217,8.19,Sandy,Wheat,As-needed
73,3.11,31,89,265,6.83,Red,Cotton,Monthly
61,3.83,33,42,142,6.36,Sandy,Wheat,Bi-weekly
32,6.93,15,68,116,5.99,Clayey,Maize,Weekly
17,10.47,39,79,37,7.86,Loamy,Maize,Daily
50,7.2,24,41,61,7.53,Black,Sugarcane,Weekly
29,8.04,19,57,17,7.07,Loamy,Maize,Daily
48,6.9,26,55,72,8.34,Loamy,Rice,Weekly
49,7.47,15,71,48,6.31,Sandy,Maize,Weekly
73,1.07,29,75,218,7.61,Clayey,Wheat,As-needed
28,11.78,39,55,8,6.64,Black,Rice,Daily
57,3.66,23,50,170,5.85,Loamy,Maize,Bi-weekly
21,10.09,25,31,4,6.29,Black,Cotton,Daily
79,2.06,16,63,184,7.76,Red,Cotton,Monthly
81,1.34,27,32,261,7.31,Loamy,Cotton,As-needed
35,11.56,34,89,18,8.35,Black,Wheat,Daily
84,1.03,33,72,293,7.16,Red,Sugarcane,As-needed
75,3.3,30,57,223,7.06,Sandy,Rice,Monthly
79,3.01,38,53,230,7.65,Clayey,Wheat,Monthly
34,5.89,32,82,42,6.36,Sandy,Wheat,Weekly
76,2.59,30,50,222,6.29,Clayey,Sugarcane,As-needed
84,2.95,30,50,212,6.6,Loamy,Wheat,As-needed
70,2.21,27,55,283,7.76,Clayey,Wheat,Monthly
70,2.05,23,52,259,8.24,Sandy,Sugarcane,Monthly
54,3.03,37,86,162,7.52,Loamy,Sugarcane,Bi-weekly
32,5.83,23,57,124,8.15,Black,Cotton,Weekly
79,2.27,35,71,293,7.5,Clayey,Maize,As-needed
63,3.61,22,88,200,7.26,Clayey,Cotton,Monthly
57,7.8,36,62,76,7.19,Clayey,Sugarcane,Weekly
46,7.31,38,69,120,7.96,Clayey,Cotton,Weekly
75,2.39,19,73,217,7.29,Red,Sugarcane,Monthly
41,7.94,35,89,77,5.94,Clayey,Wheat,Weekly
65,2.27,22,86,294,8.16,Sandy,Wheat,Monthly
70,2.36,33,37,268,5.53,Sandy,Sugarcane,As-needed
78,1.9,30,80,213,7.65,Clayey,Rice,As-needed
58,7.85,18,75,56,7.49,Red,Maize,Weekly
33,6.99,37,31,87,6.08,Loamy,Rice,Weekly
46,5.07,16,78,55,7.97,Clayey,Maize,Weekly
56,3.4,18,43,197,5.88,Clayey,Rice,Bi-weekly
61,3.8,38,50,172,8.14,Sandy,Sugarcane,Monthly
74,2.3,38,46,207,8.19,Black,Sugarcane,As-needed
26,10.11,26,89,35,7.96,Red,Maize,Daily
42,7.7,23,65,72,7.96,Clayey,Rice,Weekly
66,5.77,27,62,195,8.2,Sandy,Maize,Bi-weekly
22,11.63,28,73,9,6.21,Black,Cotton,Daily
67,3.15,30,68,167,5.78,Sandy,Wheat,Bi-weekly
59,5.61,27,42,80,8.21,Red,Sugarcane,Weekly
31,6.53,39,67,118,8.04,Sandy,Cotton,Weekly
69,4.18,31,54,135,5.69,Sandy,Maize,Bi-weekly
71,2.01,32,65,275,7.29,Loamy,Rice,As-needed
12,9.97,20,87,48,7.02,Loamy,Rice,Daily
66,5.15,36,87,109,7.4,Red,Rice,Bi-weekly
66,3.64,36,58,274,5.93,Loamy,Maize,Monthly
34,6.38,39,69,129,6.05,Red,Cotton,Weekly
32,7.14,19,42,90,6.19,Black,Maize,Weekly
77,2.67,24,69,256,5.92,Red,Sugarcane,As-needed
50,4.88,28,65,140,6.95,Red,Rice,Bi-weekly
11,10.31,23,74,5,7.32,Loamy,Rice,Daily
69,3.27,28,88,222,8.29,Clayey,Sugarcane,Monthly
18,8.17,38,77,26,5.55,Black,Sugarcane,Daily
32,11.51,30,69,3,6.7,Red,Cotton,Daily
14,11.8,20,45,39,7.24,Loamy,Sugarcane,Daily
71,2.7,20,68,225,6.09,Sandy,Sugarcane,As-needed
36,7.76,35,67,81,6.17,Loamy,Maize,Weekly
16,9.43,38,44,1,7.22,Black,Cotton,Daily
69,2.62,29,43,164,8.33,Red,Wheat,Monthly
50,6.34,30,44,57,6.0,Sandy,Sugarcane,Weekly
70,3.97,33,51,221,6.18,Red,Rice,Monthly
84,1.4,29,39,281,8.35,Red,Sugarcane,As-needed
62,2.88,30,32,244,6.95,Clayey,Rice,Monthly
69,3.81,21,77,171,6.58,Sandy,Rice,Bi-weekly
66,3.33,31,54,142,7.24,Red,Maize,Bi-weekly
71,3.5,34,38,241,6.75,Black,Maize,Monthly
38,5.01,27,42,31,8.39,Clayey,Wheat,Weekly
60,2.42,36,66,208,8.31,Black,Rice,Monthly
60,3.13,28,57,210,7.03,Clayey,Maize,Monthly
51,6.3,22,44,59,7.98,Red,Maize,Weekly
76,1.14,16,74,238,5.68,Clayey,Rice,As-needed
72,3.0,34,49,268,6.95,Red,Wheat,As-needed
56,3.43,17,81,153,8.02,Loamy,Sugarcane,Bi-weekly
56,5.8,19,42,157,6.84,Clayey,Rice,Bi-weekly
25,11.2,23,35,38,6.16,Sandy,Rice,Daily
78,3.74,34,88,160,7.14,Loamy,Rice,Monthly
57,7.68,35,40,148,6.28,Black,Sugarcane,Weekly
16,11.58,17,73,41,6.0,Black,Maize,Daily
70,3.43,20,63,287,7.16,Sandy,Rice,Monthly
35,5.57,36,36,67,8.0,Black,Sugarcane,Weekly
73,2.76,22,83,266,8.0,Loamy,Wheat,Monthly
51,5.02,18,71,55,8.0,Black,Rice,Weekly
62,3.39,24,47,174,8.37,Red,Wheat,Bi-weekly
73,3.23,34,73,158,6.32,Loamy,Sugarcane,Monthly
32,7.08,17,42,66,8.11,Red,Maize,Weekly
60,2.83,30,81,244,5.88,Red,Sugarcane,Monthly
26,8.28,25,88,22,7.45,Loamy,Maize,Daily
62,3.54,34,87,228,7.24,Sandy,Cotton,Monthly
38,8.95,33,41,42,7.13,Loamy,Wheat,Daily
64,3.41,20,34,280,7.51,Black,Wheat,Monthly
78,1.8,18,63,215,7.32,Red,Cotton,As-needed
73,1.35,30,40,267,5.99,Black,Rice,As-needed
34,10.21,21,40,42,7.52,Black,Sugarcane,Daily
71,1.69,28,34,262,8.4,Black,Wheat,As-needed
79,2.63,34,56,298,7.85,Sandy,Rice,Monthly
53,7.22,27,49,36,7.29,Sandy,Rice,Weekly
29,11.88,19,82,26,7.82,Loamy,Maize,Daily
29,8.61,24,41,48,5.55,Sandy,Maize,Daily
31,7.42,18,59,121,7.52,Clayey,Rice,Weekly
62,5.47,21,56,163,8.18,Clayey,Sugarcane,Bi-weekly
36,6.13,20,69,45,8.31,Red,Sugarcane,Weekly
26,10.34,21,46,37,6.53,Clayey,Sugarcane,Daily
18,9.72,15,76,36,8.19,Red,Maize,Daily
54,4.89,18,79,193,8.05,Clayey,Maize,Bi-weekly
15,9.87,23,87,30,6.04,Loamy,Rice,Daily
62,3.36,24,69,186,5.57,Red,Cotton,Bi-weekly
33,6.9,31,69,109,5.99,Black,Sugarcane,Weekly
51,7.53,34,42,74,6.19,Clayey,Wheat,Weekly
66,5.56,38,32,198,5.77,Clayey,Wheat,Bi-weekly
65,3.34,34,40,151,8.04,Sandy,Cotton,Monthly
84,2.97,26,61,270,7.42,Sandy,Cotton,As-needed
40,6.19,16,82,43,5.85,Red,Maize,Weekly
51,6.74,38,58,106,7.25,Loamy,Rice,Weekly
35,6.89,31,41,48,8.3,Sandy,Cotton,Weekly
26,8.18,38,50,7,6.83,Black,Cotton,Daily
78,2.53,15,31,296,6.6,Sandy,Cotton,Monthly
75,2.58,36,33,257,6.65,Black,Wheat,As-needed
72,3.76,18,43,181,6.39,Sandy,Wheat,Monthly
10,10.33,32,59,28,7.4,Black,Wheat,Daily
38,5.85,24,72,91,8.38,Loamy,Cotton,Weekly
78,2.89,28,68,274,7.28,Red,Sugarcane,Monthly
71,2.09,30,70,294,7.47,Loamy,Maize,Monthly
37,5.38,25,75,136,7.09,Black,Rice,Weekly
10,11.37,34,79,45,7.51,Red,Rice,Daily
68,3.11,33,53,178,7.52,Black,Rice,Bi-weekly
15,11.59,38,74,39,6.08,Red,Cotton,Daily
61,2.88,35,31,173,6.37,Sandy,Wheat,Monthly
44,7.52,37,59,52,6.34,Sandy,Maize,Weekly
70,2.96,23,66,237,7.95,Clayey,Wheat,As-needed
34,7.92,33,68,67,7.23,Black,Maize,Weekly
31,6.75,38,48,114,8.47,Red,Wheat,Weekly
31,7.48,31,86,113,8.05,Black,Sugarcane,Weekly
72,2.19,15,31,273,6.47,Clayey,Maize,Monthly
47,6.56,21,79,35,7.07,Clayey,Sugarcane,Weekly
73,2.86,24,70,281,6.7,Sandy,Rice,As-needed
59,5.56,32,71,135,7.15,Clayey,Maize,Weekly
75,1.24,27,48,257,7.65,Red,Cotton,As-needed
55,7.87,22,52,48,7.93,Black,Cotton,Weekly
64,5.44,39,89,197,5.54,Clayey,Wheat,Bi-weekly
71,3.84,38,76,291,8.44,Black,Rice,Monthly
73,2.73,39,52,233,7.74,Red,Rice,As-needed
74,1.83,39,42,246,5.57,Red,Cotton,As-needed
60,2.04,23,57,296,8.11,Red,Sugarcane,Monthly
16,11.72,22,61,34,7.97,Black,Maize,Daily
82,1.7,38,44,262,6.7,Sandy,Rice,As-needed
59,3.8,30,73,163,6.2,Black,Wheat,Bi-weekly
12,11.51,17,33,34,8.24,Clayey,Cotton,Daily
15,8.65,27,80,47,8.38,Clayey,Sugarcane,Daily
53,6.73,32,75,39,5.98,Clayey,Maize,Weekly
60,3.89,29,32,248,6.0,Loamy,Cotton,Monthly
71,2.84,20,83,207,6.72,Black,Maize,As-needed
76,2.97,23,79,279,6.49,Red,Rice,As-needed
61,4.85,16,86,166,7.84,Clayey,Cotton,Bi-weekly
14,11.6,29,37,5,7.35,Sandy,Maize,Daily
60,2.77,15,82,283,7.34,Sandy,Rice,Monthly
64,3.76,39,61,184,7.48,Sandy,Maize,Bi-weekly
84,1.94,31,87,212,5.57,Loamy,Maize,As-needed
33,10.53,31,71,22,8.31,Clayey,Maize,Daily
81,2.5,16,31,295,7.89,Loamy,Rice,As-needed
33,7.92,35,88,136,5.95,Red,Rice,Weekly
40,6.27,17,46,33,8.16,Loamy,Wheat,Weekly
36,6.01,38,61,52,6.38,Red,Sugarcane,Weekly
38,5.05,38,37,78,8.31,Red,Rice,Weekly
17,10.69,26,71,17,6.67,Black,Sugarcane,Daily
60,5.83,30,89,142,6.3,Clayey,Cotton,Bi-weekly
77,3.41,26,71,213,5.67,Sandy,Sugarcane,Monthly
52,4.83,15,30,165,6.51,Black,Maize,Bi-weekly
76,1.51,19,31,208,6.99,Loamy,Sugarcane,As-needed
30,11.57,38,67,25,7.71,Red,Rice,Daily
30,7.31,27,46,38,5.75,Black,Rice,Weekly
56,5.53,31,32,110,7.51,Loamy,Maize,Bi-weekly
84,2.03,26,84,253,6.75,Black,Wheat,As-needed
63,3.15,21,41,186,7.12,Loamy,Rice,Monthly
61,4.21,18,49,190,8.01,Loamy,Rice,Bi-weekly
46,5.63,29,53,88,6.71,Black,Sugarcane,Weekly
75,1.99,38,53,201,8.32,Black,Sugarcane,As-needed
32,11.8,16,66,13,5.77,Red,Rice,Daily
78,3.68,24,70,283,5.95,Loamy,Sugarcane,Monthly
52,5.96,37,74,137,7.69,Loamy,Maize,Bi-weekly
57,3.71,20,44,124,8.45,Loamy,Cotton,Bi-weekly
76,3.52,36,63,155,7.21,Black,Maize,Monthly
63,5.82,17,48,164,5.68,Loamy,Rice,Bi-weekly
31,7.19,32,54,92,5.6,Clayey,Cotton,Weekly
72,1.92,35,34,254,8.14,Red,Rice,As-needed
83,1.47,19,79,256,8.33,Sandy,Rice,As-needed
78,1.18,23,61,236,5.99,Black,Wheat,As-needed
40,5.78,34,52,134,6.75,Clayey,Rice,Weekly
25,11.74,32,56,21,5.79,Black,Maize,Daily
33,9.12,31,47,22,8.0,Red,Wheat,Daily
63,3.07,31,64,137,6.57,Red,Sugarcane,Bi-weekly
39,11.34,18,69,10,6.53,Clayey,Sugarcane,Daily
68,3.62,34,81,282,6.29,Red,Cotton,Monthly
70,2.51,38,49,282,6.06,Clayey,Sugarcane,As-needed
78,2.03,19,89,220,8.35,Loamy,Sugarcane,As-needed
23,10.2,20,64,37,7.7,Sandy,Cotton,Daily
77,1.03,24,69,240,7.83,Clayey,Cotton,As-needed
47,5.04,27,63,103,6.7,Black,Wheat,Weekly
83,2.63,33,86,226,7.86,Clayey,Maize,As-needed
51,5.26,32,34,130,6.36,Loamy,Rice,Bi-weekly
35,6.8,37,81,142,7.23,Loamy,Rice,Weekly
45,6.56,25,45,83,8.25,Red,Wheat,Weekly
62,3.17,28,64,150,7.37,Red,Wheat,Bi-weekly
77,2.39,16,42,213,5.55,Black,Wheat,As-needed
59,3.21,21,65,190,7.67,Sandy,Rice,Bi-weekly
68,4.56,25,53,171,6.74,Clayey,Cotton,Bi-weekly
29,8.14,16,87,25,6.57,Clayey,Sugarcane,Daily
63,2.36,30,79,170,5.72,Clayey,Cotton,Monthly
70,2.56,26,34,169,6.71,Red,Wheat,Monthly
77,3.56,23,60,217,8.27,Red,Maize,Monthly
79,2.68,35,58,183,5.82,Clayey,Rice,Monthly
59,5.41,16,59,113,6.98,Red,Sugarcane,Weekly
65,4.42,15,60,171,8.12,Loamy,Sugarcane,Bi-weekly
55,6.79,31,67,95,8.44,Loamy,Sugarcane,Weekly
70,3.79,26,73,271,6.19,Black,Sugarcane,Monthly
78,1.17,25,73,244,8.25,Black,Wheat,As-needed
84,2.95,33,57,200,7.53,Red,Sugarcane,As-needed
62,2.23,38,60,217,5.81,Sandy,Rice,Monthly
71,2.65,34,81,278,6.1,Loamy,Cotton,As-needed
71,2.03,34,39,269,7.04,Clayey,Sugarcane,Monthly
18,11.35,19,89,36,5.78,Loamy,Wheat,Daily
55,3.82,16,58,168,6.3,Loamy,Wheat,Bi-weekly
50,7.47,33,43,98,5.7,Black,Maize,Weekly
70,2.95,26,32,282,8.25,Black,Wheat,Monthly
79,1.0,20,49,299,8.0,Black,Cotton,As-needed
25,11.88,21,61,0,6.23,Sandy,Sugarcane,Daily
20,8.33,39,75,38,6.58,Black,Sugarcane,Daily
70,1.02,36,51,257,8.3,Black,Cotton,As-needed
34,7.63,30,37,88,5.65,Clayey,Rice,Weekly
71,2.13,39,38,208,6.77,Black,Wheat,As-needed
75,2.73,26,89,201,7.98,Sandy,Rice,Monthly
83,1.75,15,44,269,7.49,Red,Sugarcane,As-needed
19,10.57,25,65,19,8.11,Red,Wheat,Daily
66,3.1,29,68,242,7.04,Clayey,Rice,Monthly
74,1.87,26,78,277,8.07,Black,Sugarcane,As-needed
55,3.91,17,61,109,6.38,Sandy,Wheat,Bi-weekly
65,5.77,15,78,179,7.69,Sandy,Rice,Bi-weekly
56,4.13,35,53,135,6.95,Red,Rice,Bi-weekly
37,5.44,37,84,112,6.71,Clayey,Wheat,Weekly
33,5.59,34,34,96,7.09,Black,Maize,Weekly
73,3.44,19,41,264,5.88,Clayey,Cotton,Monthly
75,2.61,32,37,191,6.6,Clayey,Wheat,Monthly
68,3.16,18,86,224,7.59,Clayey,Sugarcane,Monthly
61,3.36,30,41,144,5.85,Red,Maize,Bi-weekly
68,3.01,15,39,262,7.41,Sandy,Cotton,Monthly
28,11.94,37,89,46,6.59,Black,Maize,Daily
81,1.35,21,44,243,7.09,Clayey,Rice,As-needed
69,4.53,26,76,157,7.85,Red,Rice,Bi-weekly
44,7.38,17,61,36,7.69,Loamy,Sugarcane,Weekly
56,5.93,32,79,196,7.39,Loamy,Sugarcane,Bi-weekly
79,3.16,39,52,165,7.08,Sandy,Maize,Monthly
73,1.69,31,73,234,5.57,Black,Rice,As-needed
62,2.49,35,49,275,7.3,Loamy,Maize,Monthly
66,4.91,33,54,115,6.12,Sandy,Sugarcane,Bi-weekly
72,3.06,24,45,193,6.26,Black,Sugarcane,Monthly
67,5.25,29,35,195,8.15,Red,Maize,Bi-weekly
64,3.89,32,60,169,8.38,Black,Maize,Bi-weekly
74,1.88,39,82,245,6.12,Black,Wheat,As-needed
76,2.45,18,78,269,7.05,Red,Rice,Monthly
32,7.14,34,38,64,8.3,Red,Maize,Weekly
49,6.31,35,41,135,7.53,Red,Maize,Weekly
81,2.77,30,62,215,8.02,Black,Sugarcane,As-needed
63,3.6,31,50,263,5.91,Sandy,Maize,Monthly
77,2.32,29,30,210,6.85,Clayey,Maize,Monthly
60,3.66,18,53,150,6.02,Red,Rice,Bi-weekly
40,5.33,21,58,58,7.96,Sandy,Rice,Weekly
68,2.64,16,88,206,7.02,Sandy,Sugarcane,Monthly
26,9.82,39,75,45,7.42,Black,Rice,Daily
71,1.53,26,30,245,7.27,Clayey,Maize,As-needed
21,11.13,25,88,19,7.99,Loamy,Cotton,Daily
69,3.18,30,78,191,7.39,Red,Maize,Bi-weekly
36,8.33,37,81,21,7.8,Sandy,Sugarcane,Daily
43,7.97,26,60,140,6.88,Clayey,Rice,Weekly
84,1.08,24,85,276,6.78,Red,Rice,As-needed
79,2.95,39,79,214,6.44,Sandy,Wheat,As-needed
36,11.16,37,30,32,6.05,Loamy,Cotton,Daily
76,2.14,21,37,214,7.28,Black,Cotton,Monthly
76,2.63,31,54,281,7.23,Red,Sugarcane,Monthly
30,11.24,19,42,35,6.2,Sandy,Wheat,Daily
53,6.5,25,66,56,8.4,Sandy,Wheat,Weekly
71,2.27,17,43,279,7.61,Black,Cotton,As-needed
70,2.0,36,73,237,7.89,Loamy,Maize,As-needed
81,2.81,23,39,259,5.58,Sandy,Maize,As-needed
18,8.59,17,33,27,5.87,Loamy,Wheat,Daily
34,6.59,15,79,46,5.86,Red,Rice,Weekly
51,3.42,18,43,123,8.1,Sandy,Wheat,Bi-weekly
51,3.09,23,66,145,7.62,Sandy,Cotton,Bi-weekly
75,2.79,36,80,225,6.15,Black,Maize,As-needed
65,2.33,23,63,151,6.19,Black,Maize,Monthly
66,4.8,19,84,180,6.92,Loamy,Wheat,Bi-weekly
55,4.01,16,58,172,6.83,Black,Maize,Bi-weekly
73,2.36,23,86,250,7.83,Loamy,Maize,Monthly
30,11.03,20,89,3,5.55,Sandy,Sugarcane,Daily
66,3.43,29,45,157,7.5,Black,Rice,Monthly
70,2.08,26,77,227,8.15,Red,Rice,As-needed
56,5.8,36,52,100,8.41,Black,Rice,Weekly
52,7.32,25,49,98,7.1,Sandy,Rice,Weekly
12,8.51,24,82,5,8.46,Red,Rice,Daily
59,5.54,18,45,151,5.92,Loamy,Sugarcane,Bi-weekly
69,4.95,22,45,133,8.0,Sandy,Rice,Bi-weekly
13,9.38,31,54,15,7.19,Loamy,Maize,Daily
64,3.02,29,79,102,6.82,Clayey,Maize,Bi-weekly
79,2.43,19,32,238,6.67,Red,Maize,As-needed
13,8.86,37,60,29,5.66,Clayey,Sugarcane,Daily
82,1.55,37,74,226,7.32,Red,Maize,As-needed
18,8.91,29,75,25,8.12,Red,Rice,Daily
38,11.4,37,69,35,6.16,Clayey,Wheat,Daily
56,6.77,24,50,32,7.71,Sandy,Rice,Weekly
62,2.91,33,37,270,7.61,Black,Cotton,Monthly
51,4.33,29,89,148,6.83,Clayey,Maize,Bi-weekly
66,3.52,29,55,189,7.0,Loamy,Sugarcane,Bi-weekly
49,7.9,29,84,104,6.24,Sandy,Maize,Weekly
56,5.86,30,46,122,7.7,Red,Wheat,Weekly
77,2.51,27,46,253,6.32,Sandy,Cotton,Monthly
39,10.79,17,67,39,8.49,Red,Cotton,Daily
52,3.73,26,53,119,5.75,Clayey,Sugarcane,Bi-weekly
72,2.72,16,58,242,6.31,Sandy,Cotton,As-needed
76,2.83,21,82,200,7.16,Loamy,Sugarcane,Monthly
54,3.39,19,37,119,7.74,Red,Rice,Bi-weekly
36,6.0,24,44,83,6.51,Sandy,Sugarcane,Weekly
71,1.15,18,61,227,6.34,Loamy,Wheat,As-needed
74,1.34,20,54,236,8.01,Sandy,Wheat,As-needed
73,2.82,38,47,227,8.33,Black,Rice,As-needed
68,3.73,39,76,227,7.35,Black,Cotton,Monthly
69,2.39,31,51,210,7.67,Sandy,Cotton,Monthly
67,3.62,37,76,168,8.09,Red,Maize,Monthly
72,2.51,39,78,244,7.79,Sandy,Wheat,As-needed
16,11.82,29,68,34,6.34,Sandy,Sugarcane,Daily
57,7.06,36,49,80,8.29,Loamy,Maize,Weekly
56,7.42,37,63,56,5.62,Red,Wheat,Weekly
60,4.04,28,61,136,6.19,Sandy,Cotton,Bi-weekly
70,3.66,21,49,187,5.56,Sandy,Sugarcane,Monthly
84,2.79,23,89,234,8.09,Loamy,Cotton,As-needed
10,11.96,23,84,10,6.68,Red,Maize,Daily
73,2.14,35,88,212,8.08,Loamy,Cotton,Monthly
59,7.51,25,30,126,6.85,Clayey,Maize,Weekly
17,8.34,32,65,29,6.17,Red,Wheat,Daily
83,1.75,35,58,245,7.79,Black,Wheat,As-needed
71,1.87,27,65,256,6.21,Black,Rice,As-needed
57,7.35,25,74,126,8.21,Clayey,Cotton,Weekly
78,2.41,15,60,200,6.01,Red,Wheat,As-needed
12,10.81,32,88,40,7.27,Sandy,Sugarcane,Daily
70,2.19,29,66,273,6.45,Sandy,Maize,Monthly
56,6.29,39,68,69,7.31,Red,Wheat,Weekly
51,7.85,17,78,65,7.22,Sandy,Rice,Weekly
21,8.34,30,73,14,7.05,Red,Maize,Daily
30,10.22,20,39,44,8.39,Sandy,Maize,Daily
51,3.85,32,82,128,5.95,Loamy,Rice,Bi-weekly
72,2.38,26,65,277,6.7,Sandy,Rice,Monthly
50,3.88,27,56,162,8.25,Black,Cotton,Bi-weekly
24,8.71,27,70,21,7.08,Red,Rice,Daily
46,7.18,26,74,92,8.1,Red,Sugarcane,Weekly
33,6.64,18,46,127,5.97,Sandy,Rice,Weekly
64,2.79,20,77,218,6.63,Loamy,Cotton,Monthly
33,10.01,36,34,13,7.13,Red,Wheat,Daily
57,7.12,29,85,97,7.72,Black,Rice,Weekly
65,3.12,30,44,294,6.46,Red,Rice,Monthly
10,11.9,16,62,32,6.64,Sandy,Maize,Daily
71,2.83,27,56,157,8.19,Clayey,Maize,Monthly
37,7.22,34,31,51,7.65,Black,Sugarcane,Weekly
60,3.38,30,41,267,7.05,Red,Sugarcane,Monthly
77,3.03,22,60,232,7.22,Black,Sugarcane,Monthly
44,5.31,26,35,111,8.42,Red,Wheat,Weekly
21,8.06,38,79,44,6.9,Sandy,Wheat,Daily
51,3.65,37,44,112,8.17,Red,Wheat,Bi-weekly
32,5.68,17,42,66,6.3,Loamy,Maize,Weekly
55,4.08,21,62,190,6.27,Loamy,Wheat,Bi-weekly
22,11.55,33,64,38,5.76,Loamy,Maize,Daily
65,5.17,35,88,123,6.67,Black,Sugarcane,Bi-weekly
29,8.52,28,67,40,7.98,Black,Maize,Daily
57,7.34,27,69,56,6.72,Black,Wheat,Weekly
63,3.31,22,68,186,6.72,Clayey,Sugarcane,Bi-weekly
55,7.82,20,46,68,6.18,Sandy,Sugarcane,Weekly
75,2.26,32,53,271,8.31,Loamy,Maize,Monthly
55,4.25,39,43,109,8.14,Sandy,Wheat,Bi-weekly
32,11.51,28,88,23,7.66,Red,Cotton,Daily
30,6.7,24,46,122,5.52,Sandy,Sugarcane,Weekly
14,9.55,35,41,1,6.45,Sandy,Wheat,Daily
65,3.25,27,44,175,5.63,Black,Wheat,Monthly
14,10.49,39,40,48,8.36,Black,Rice,Daily
26,11.08,28,68,3,6.19,Sandy,Sugarcane,Daily
39,11.96,37,53,12,5.79,Black,Cotton,Daily
37,5.16,25,80,79,8.23,Red,Wheat,Weekly
17,8.78,17,40,14,7.19,Red,Maize,Daily
59,7.59,25,64,41,5.55,Black,Maize,Weekly
60,2.11,22,44,156,6.52,Red,Wheat,Monthly
66,3.28,25,68,260,7.3,Black,Cotton,Monthly
61,3.05,35,56,259,8.09,Sandy,Maize,Monthly
65,2.17,24,82,249,6.8,Loamy,Cotton,Monthly
81,2.31,23,73,222,7.81,Loamy,Cotton,As-needed
58,5.06,17,73,37,7.98,Sandy,Wheat,Weekly
82,1.95,34,60,272,7.31,Sandy,Rice,As-needed
35,9.49,35,58,36,7.74,Clayey,Wheat,Daily
66,5.81,23,49,194,7.71,Red,Cotton,Bi-weekly
83,1.11,21,38,221,8.3,Loamy,Sugarcane,As-needed
50,5.86,36,78,160,7.62,Loamy,Rice,Bi-weekly
78,2.33,20,33,225,6.14,Black,Cotton,Monthly
70,1.48,35,66,219,6.47,Sandy,Sugarcane,As-needed
45,6.12,36,59,109,6.87,Black,Sugarcane,Weekly
37,10.48,39,68,32,5.57,Loamy,Sugarcane,Daily
72,3.91,27,48,201,5.99,Black,Maize,Monthly
72,1.2,35,41,287,6.8,Sandy,Maize,As-needed
61,4.69,19,62,154,8.16,Red,Wheat,Bi-weekly
81,1.73,17,80,245,6.71,Black,Maize,As-needed
76,3.44,30,45,211,7.45,Red,Sugarcane,Monthly
50,7.88,26,49,65,8.16,Sandy,Wheat,Weekly
74,2.42,33,75,180,8.48,Black,Wheat,Monthly
16,8.05,21,89,12,7.11,Red,Sugarcane,Daily
73,2.72,20,52,275,5.78,Loamy,Rice,Monthly
65,3.79,27,87,120,8.36,Loamy,Sugarcane,Bi-weekly
71,2.63,29,45,214,5.72,Loamy,Sugarcane,Monthly
37,9.87,15,62,20,6.27,Red,Maize,Daily
33,7.37,22,55,85,6.83,Red,Wheat,Weekly
84,2.75,28,46,241,6.75,Sandy,Rice,As-needed
77,3.43,24,83,219,7.45,Loamy,Wheat,Monthly
25,9.52,39,69,22,7.81,Black,Sugarcane,Daily
45,5.31,30,78,86,7.37,Loamy,Rice,Weekly
46,6.07,29,63,104,6.68,Loamy,Cotton,Weekly
29,9.32,37,89,29,7.28,Sandy,Wheat,Daily
31,7.02,29,89,99,5.71,Loamy,Wheat,Weekly
66,4.02,26,49,103,8.5,Sandy,Maize,Bi-weekly
23,9.36,23,81,29,7.06,Red,Sugarcane,Daily
63,2.14,32,41,166,7.84,Loamy,Rice,Monthly
41,7.27,30,68,64,8.03,Clayey,Rice,Weekly
62,3.12,17,41,102,6.27,Red,Cotton,Bi-weekly
60,5.03,35,86,197,6.71,Loamy,Maize,Bi-weekly
58,3.14,27,36,193,5.73,Loamy,Maize,Bi-weekly
61,3.32,26,36,270,7.06,Red,Wheat,Monthly
75,2.66,29,86,290,7.29,Loamy,Wheat,As-needed
69,3.95,30,68,193,7.65,Black,Rice,Bi-weekly
69,4.76,32,71,107,6.09,Black,Cotton,Bi-weekly
20,10.9,28,41,7,6.73,Clayey,Sugarcane,Daily
51,3.73,39,44,152,6.74,Sandy,Sugarcane,Bi-weekly
56,7.87,29,77,107,5.52,Red,Maize,Weekly
75,2.98,31,46,237,6.23,Clayey,Wheat,Monthly
59,5.36,30,77,178,7.52,Clayey,Sugarcane,Bi-weekly
20,8.56,17,52,44,7.31,Red,Rice,Daily
39,7.45,36,46,68,6.2,Black,Rice,Weekly
51,5.87,20,48,187,7.89,Clayey,Rice,Bi-weekly
24,8.63,19,53,48,5.93,Loamy,Sugarcane,Daily
18,8.39,20,61,0,7.3,Loamy,Wheat,Daily
83,2.09,23,88,281,6.52,Red,Rice,As-needed
55,4.4,18,62,180,7.87,Black,Cotton,Bi-weekly
10,11.62,27,57,48,7.32,Clayey,Wheat,Daily
80,2.01,28,52,246,8.05,Loamy,Wheat,As-needed
39,7.28,32,81,75,7.86,Black,Maize,Weekly
55,3.86,32,46,120,5.83,Loamy,Maize,Bi-weekly
83,1.11,18,75,240,7.36,Clayey,Maize,As-needed
28,8.36,31,87,46,6.39,Loamy,Rice,Daily
76,2.71,27,46,242,6.59,Black,Sugarcane,Monthly
28,8.65,36,85,4,5.83,Sandy,Cotton,Daily
76,2.01,20,43,278,6.7,Clayey,Maize,As-needed
60,3.39,38,37,215,6.14,Black,Rice,Monthly
84,2.86,30,60,284,5.82,Clayey,Maize,As-needed
60,2.54,26,86,280,6.48,Red,Rice,Monthly
67,4.49,38,73,164,6.95,Red,Wheat,Bi-weekly
61,3.86,33,62,287,7.5,Loamy,Wheat,Monthly
79,2.14,28,68,228,8.01,Loamy,Sugarcane,As-needed
30,6.62,27,79,114,6.98,Red,Maize,Weekly
77,1.6,19,57,226,8.36,Loamy,Rice,As-needed
61,5.24,24,34,149,6.07,Red,Cotton,Bi-weekly
66,5.61,30,87,140,7.01,Red,Rice,Bi-weekly
28,9.47,22,88,34,6.02,Red,Cotton,Daily
84,1.74,31,44,276,6.18,Sandy,Cotton,As-needed
75,3.5,25,40,151,7.71,Black,Wheat,Monthly
32,9.41,27,40,39,6.87,Sandy,Sugarcane,Daily
58,5.68,18,57,176,7.02,Clayey,Maize,Bi-weekly
70,2.68,30,54,198,6.83,Loamy,Wheat,Monthly
35,10.74,27,51,35,5.77,Red,Sugarcane,Daily
57,5.13,28,44,58,7.88,Loamy,Sugarcane,Weekly
33,6.92,27,69,140,6.48,Loamy,Sugarcane,Weekly
55,5.99,34,34,158,6.45,Loamy,Maize,Bi-weekly
56,4.55,23,81,152,5.51,Clayey,Cotton,Bi-weekly
22,8.69,26,33,37,7.5,Black,Maize,Daily
53,4.92,25,48,153,7.59,Sandy,Maize,Bi-weekly
35,11.4,30,51,8,6.54,Black,Sugarcane,Daily
61,5.81,24,75,122,7.57,Black,Cotton,Bi-weekly
69,5.16,32,80,151,8.29,Loamy,Sugarcane,Bi-weekly
56,4.78,17,52,186,6.76,Sandy,Maize,Bi-weekly
72,2.34,35,88,208,6.9,Loamy,Maize,As-needed
69,5.06,16,49,196,5.98,Sandy,Wheat,Bi-weekly
58,5.43,21,71,136,8.39,Black,Cotton,Bi-weekly
44,5.99,16,79,110,5.65,Red,Cotton,Weekly
39,9.4,22,78,5,7.95,Red,Sugarcane,Daily
79,2.25,27,36,296,7.69,Black,Cotton,As-needed
73,2.15,37,86,160,6.27,Sandy,Wheat,Monthly
10,8.07,37,76,34,7.29,Black,Rice,Daily
53,5.73,22,44,161,6.98,Black,Maize,Bi-weekly
50,4.52,24,75,196,6.43,Clayey,Cotton,Bi-weekly
63,4.27,34,75,151,7.58,Sandy,Cotton,Bi-weekly
56,6.07,31,42,149,6.54,Loamy,Rice,Weekly
47,7.93,36,86,113,7.2,Red,Sugarcane,Weekly
70,2.52,30,73,154,7.21,Loamy,Sugarcane,Monthly
74,2.56,15,88,250,6.32,Loamy,Cotton,As-needed
42,7.94,31,46,97,7.01,Sandy,Wheat,Weekly
38,11.62,26,58,39,7.51,Loamy,Rice,Daily
77,1.94,21,76,255,6.87,Clayey,Rice,As-needed
51,3.51,28,54,144,7.5,Black,Maize,Bi-weekly
32,7.33,23,62,42,6.2,Loamy,Cotton,Weekly
27,9.08,23,75,30,6.47,Black,Cotton,Daily
66,4.43,17,35,198,7.35,Black,Sugarcane,Bi-weekly
70,3.75,37,73,219,5.59,Sandy,Cotton,Monthly
21,8.28,36,62,23,6.64,Red,Cotton,Daily
41,5.0,17,59,103,6.45,Loamy,Cotton,Weekly
82,2.04,34,52,202,7.84,Loamy,Rice,As-needed
46,5.65,29,37,68,5.86,Black,Sugarcane,Weekly
82,1.81,17,57,298,6.55,Red,Maize,As-needed
42,7.75,34,86,45,8.0,Black,Maize,Weekly
78,3.2,20,63,254,8.05,Sandy,Maize,Monthly
73,1.9,33,70,265,6.35,Clayey,Cotton,As-needed
64,2.88,22,65,170,5.65,Red,Wheat,Monthly
53,5.01,24,59,126,5.95,Red,Sugarcane,Weekly
50,7.89,39,40,59,8.3,Clayey,Sugarcane,Weekly
14,9.65,16,58,40,7.15,Sandy,Maize,Daily
34,8.35,18,58,48,7.85,Black,Cotton,Daily
53,6.34,25,85,39,7.34,Red,Wheat,Weekly
69,2.21,31,39,177,7.94,Loamy,Cotton,Monthly
76,2.41,28,48,239,6.82,Loamy,Cotton,As-needed
75,2.9,18,82,178,6.49,Clayey,Maize,Monthly
71,1.45,34,47,258,6.04,Black,Rice,As-needed
58,5.92,35,45,175,5.92,Loamy,Wheat,Bi-weekly
62,4.87,36,41,139,5.8,Red,Rice,Bi-weekly
72,2.93,25,76,211,6.03,Clayey,Maize,As-needed
67,3.77,28,85,196,6.84,Sandy,Maize,Bi-weekly
74,3.29,39,39,254,6.62,Clayey,Wheat,Monthly
35,6.08,20,67,91,7.31,Clayey,Maize,Weekly
17,10.57,15,47,9,7.8,Black,Maize,Daily
73,3.64,35,55,167,8.08,Clayey,Rice,Monthly
60,3.76,23,80,235,5.7,Clayey,Maize,Monthly
60,5.54,19,58,173,8.42,Loamy,Wheat,Bi-weekly
32,5.14,36,32,49,8.34,Loamy,Rice,Weekly
54,5.69,32,89,46,7.92,Red,Wheat,Weekly
70,2.18,27,55,215,7.84,Clayey,Cotton,Monthly
33,6.64,36,62,109,7.38,Loamy,Wheat,Weekly
69,2.28,36,44,171,8.29,Black,Maize,Monthly
46,7.38,24,86,46,7.12,Sandy,Cotton,Weekly
13,11.29,17,70,4,7.76,Red,Maize,Daily
50,3.03,25,54,194,8.48,Loamy,Rice,Bi-weekly
72,2.42,17,71,166,5.62,Red,Cotton,Monthly
75,2.82,34,57,298,6.42,Black,Rice,As-needed
11,10.13,31,43,23,5.77,Clayey,Cotton,Daily
37,8.68,37,63,16,5.71,Loamy,Maize,Daily
76,1.47,30,72,298,8.33,Loamy,Wheat,As-needed
79,2.16,33,36,253,8.19,Loamy,Wheat,As-needed
34,9.59,39,46,10,6.55,Clayey,Wheat,Daily
54,5.27,39,64,134,6.08,Loamy,Rice,Bi-weekly
52,5.67,16,38,174,5.74,Sandy,Maize,Bi-weekly
50,5.83,22,38,127,7.61,Sandy,Cotton,Bi-weekly
71,1.08,39,42,239,8.44,Red,Maize,As-needed
75,3.77,20,88,233,7.93,Red,Wheat,Monthly
68,3.89,35,51,220,7.71,Loamy,Cotton,Monthly
14,8.09,38,52,49,7.43,Red,Cotton,Daily
37,5.91,20,66,121,6.73,Black,Maize,Weekly
21,11.26,37,40,43,7.24,Clayey,Rice,Daily
66,3.58,38,86,276,5.87,Clayey,Sugarcane,Monthly
78,3.36,19,37,208,7.63,Sandy,Wheat,Monthly
77,1.97,29,63,244,6.7,Black,Cotton,As-needed
83,1.2,22,31,252,8.0,Sandy,Rice,As-needed
66,3.68,17,67,242,8.24,Clayey,Wheat,Monthly
50,7.94,37,44,54,6.13,Clayey,Wheat,Weekly
50,5.38,18,68,101,7.55,Clayey,Sugarcane,Bi-weekly
35,8.85,34,61,28,6.17,Sandy,Cotton,Daily
82,1.28,32,74,236,6.42,Black,Rice,As-needed
46,6.41,17,60,31,7.49,Loamy,Wheat,Weekly
66,5.86,32,81,121,7.11,Black,Cotton,Bi-weekly
65,4.73,36,87,153,6.74,Red,Rice,Bi-weekly
79,1.56,21,84,258,5.8,Sandy,Sugarcane,As-needed
64,3.87,22,76,252,6.99,Black,Sugarcane,Monthly
78,2.82,24,43,257,7.74,Sandy,Wheat,Monthly
70,3.38,26,53,272,5.69,Clayey,Wheat,Monthly
78,1.95,26,48,275,8.27,Black,Sugarcane,As-needed
21,10.5,31,83,32,8.48,Sandy,Maize,Daily
32,6.93,28,88,34,7.95,Red,Cotton,Weekly
33,8.51,31,83,28,5.5,Black,Wheat,Daily
79,3.54,34,51,165,5.6,Black,Wheat,Monthly
27,8.45,18,63,6,7.2,Clayey,Sugarcane,Daily
63,3.52,27,40,185,8.08,Loamy,Maize,Bi-weekly
74,2.8,36,60,253,5.84,Black,Maize,As-needed
78,2.98,29,67,223,8.43,Clayey,Maize,Monthly
59,3.95,15,81,158,6.58,Sandy,Sugarcane,Bi-weekly
61,3.27,39,59,104,5.84,Sandy,Rice,Bi-weekly
66,4.28,25,49,124,7.65,Black,Rice,Bi-weekly
74,2.87,17,43,294,8.27,Black,Maize,As-needed
76,1.21,31,52,234,7.56,Sandy,Cotton,As-needed
70,2.97,16,55,294,6.62,Sandy,Wheat,As-needed
63,5.83,29,37,178,7.91,Clayey,Cotton,Bi-weekly
71,1.47,31,63,297,6.17,Red,Wheat,As-needed
62,4.54,39,79,126,8.17,Loamy,Sugarcane,Bi-weekly
29,10.42,23,55,24,8.33,Black,Sugarcane,Daily
73,2.34,23,71,276,7.7,Black,Sugarcane,Monthly
29,12.0,32,59,39,5.69,Sandy,Rice,Daily
81,1.83,33,40,288,7.32,Black,Maize,As-needed
73,3.49,39,48,159,5.73,Black,Sugarcane,Monthly
74,2.99,37,39,250,7.82,Black,Sugarcane,As-needed
17,8.47,29,75,8,7.13,Red,Rice,Daily
20,8.98,39,53,46,6.75,Loamy,Wheat,Daily
73,1.4,19,43,249,7.86,Black,Wheat,As-needed
10,10.94,34,46,34,7.94,Loamy,Sugarcane,Daily
33,6.19,27,67,125,7.37,Clayey,Maize,Weekly
63,5.84,35,86,110,6.26,Clayey,Cotton,Bi-weekly
29,11.56,17,86,30,6.52,Clayey,Sugarcane,Daily
79,3.87,38,44,185,7.41,Red,Wheat,Monthly
72,3.31,21,77,235,6.18,Loamy,Sugarcane,Monthly
61,4.43,15,89,169,7.49,Black,Rice,Bi-weekly
52,5.12,15,64,148,8.11,Clayey,Sugarcane,Weekly
33,11.88,28,67,1,7.67,Red,Cotton,Daily
67,4.64,32,57,191,5.81,Loamy,Maize,Bi-weekly
58,3.6,30,49,139,6.76,Black,Cotton,Bi-weekly
76,2.53,29,44,229,6.89,Sandy,Wheat,As-needed
33,11.43,28,51,49,5.77,Black,Rice,Daily
57,5.41,24,63,179,6.89,Black,Maize,Bi-weekly
77,2.16,30,33,218,6.68,Loamy,Wheat,As-needed
46,7.83,36,51,113,7.97,Loamy,Maize,Weekly
37,11.99,18,62,14,5.85,Sandy,Sugarcane,Daily
66,2.99,27,70,156,6.26,Black,Maize,Monthly
77,1.64,24,47,290,6.57,Black,Maize,As-needed
62,4.22,24,51,115,6.22,Loamy,Cotton,Bi-weekly
48,5.42,39,67,35,5.6,Clayey,Rice,Weekly
20,10.63,16,55,9,6.37,Loamy,Sugarcane,Daily
76,2.25,32,84,228,6.55,Loamy,Cotton,As-needed
34,6.94,28,39,103,6.26,Sandy,Wheat,Weekly
39,11.29,39,37,32,7.44,Red,Wheat,Daily
31,5.91,36,68,108,6.58,Sandy,Sugarcane,Weekly
50,5.49,23,37,84,8.04,Sandy,Sugarcane,Weekly
81,1.34,24,47,246,7.89,Black,Rice,As-needed
67,3.09,24,33,183,8.34,Black,Cotton,Bi-weekly
33,5.43,36,77,133,7.83,Sandy,Maize,Weekly
28,9.8,35,31,25,7.03,Sandy,Maize,Daily
77,1.78,30,56,287,7.95,Loamy,Sugarcane,As-needed
26,11.73,35,61,27,5.5,Red,Sugarcane,Daily
70,2.38,24,85,151,6.94,Sandy,Sugarcane,Monthly
83,2.41,33,52,291,8.22,Sandy,Cotton,As-needed
39,10.58,29,77,2,7.88,Red,Sugarcane,Daily
77,2.18,19,59,230,6.23,Loamy,Rice,As-needed
42,5.11,34,52,87,6.68,Red,Sugarcane,Weekly
57,5.62,31,39,162,5.82,Sandy,Rice,Bi-weekly
26,9.56,32,85,24,7.35,Clayey,Wheat,Daily
31,7.89,26,72,148,6.06,Loamy,Wheat,Weekly
57,7.12,28,71,97,6.56,Sandy,Maize,Weekly
52,3.93,26,70,152,7.19,Red,Maize,Bi-weekly
57,4.33,37,46,181,7.01,Sandy,Cotton,Bi-weekly
59,6.48,21,88,58,7.23,Clayey,Maize,Weekly
57,7.14,31,47,65,7.39,Clayey,Rice,Weekly
84,1.19,15,31,249,6.82,Clayey,Maize,As-needed
61,3.32,17,82,176,6.16,Black,Sugarcane,Bi-weekly
70,2.28,19,66,227,6.14,Sandy,Cotton,As-needed
63,3.75,23,60,189,7.06,Black,Cotton,Bi-weekly
24,9.3,28,71,47,6.98,Red,Rice,Daily
69,2.49,35,72,297,7.45,Black,Maize,Monthly
76,3.89,32,67,251,7.07,Red,Maize,Monthly
34,6.11,22,64,91,8.19,Red,Sugarcane,Weekly
13,11.08,19,81,46,6.53,Sandy,Maize,Daily
17,10.6,15,44,25,6.71,Red,Wheat,Daily
21,10.8,20,45,46,7.28,Loamy,Cotton,Daily
70,3.29,38,32,229,5.75,Black,Sugarcane,Monthly
48,5.17,16,85,137,6.64,Clayey,Rice,Weekly
32,11.95,29,46,35,7.81,Clayey,Sugarcane,Daily
36,11.4,35,85,9,7.04,Loamy,Cotton,Daily
48,5.68,39,33,49,5.75,Black,Maize,Weekly
12,9.97,35,53,37,6.92,Clayey,Sugarcane,Daily
60,3.81,24,76,116,8.2,Loamy,Sugarcane,Bi-weekly
65,3.56,24,33,166,5.61,Black,Wheat,Bi-weekly
63,2.68,39,48,238,7.95,Loamy,Wheat,Monthly
70,1.94,16,70,221,7.77,Red,Maize,As-needed
66,4.15,35,66,165,6.23,Loamy,Maize,Bi-weekly
72,2.34,15,85,217,7.33,Sandy,Sugarcane,Monthly
79,1.92,21,52,277,5.69,Red,Cotton,As-needed
77,1.73,27,75,211,7.17,Sandy,Wheat,As-needed
30,7.36,18,45,90,5.8,Black,Maize,Weekly
79,2.81,23,76,173,7.33,Red,Sugarcane,Monthly
15,9.09,17,62,45,8.09,Loamy,Rice,Daily
53,6.49,22,33,37,6.31,Loamy,Wheat,Weekly
62,2.83,33,63,180,6.27,Clayey,Rice,Monthly
41,5.19,19,55,73,6.33,Loamy,Wheat,Weekly
31,5.63,27,84,94,8.14,Black,Sugarcane,Weekly
75,2.78,27,44,214,7.33,Loamy,Sugarcane,As-needed
49,5.49,22,33,145,6.95,Loamy,Cotton,Weekly
52,3.02,30,54,199,8.41,Red,Rice,Bi-weekly
51,3.14,33,57,136,5.88,Sandy,Rice,Bi-weekly
35,8.34,26,54,26,8.22,Loamy,Rice,Daily
53,5.56,23,41,141,8.01,Sandy,Maize,Bi-weekly
77,3.28,20,76,235,5.9,Clayey,Wheat,Monthly
76,2.53,29,67,184,5.87,Clayey,Wheat,Monthly
27,11.18,26,67,43,7.26,Loamy,Maize,Daily
21,8.1,15,89,6,7.29,Red,Maize,Daily
12,10.34,35,43,1,6.81,Red,Rice,Daily
31,7.35,27,42,84,6.93,Red,Maize,Weekly
53,4.16,34,74,182,7.0,Sandy,Wheat,Bi-weekly
67,3.45,28,55,190,6.4,Sandy,Maize,Monthly
27,10.49,31,47,10,7.42,Sandy,Sugarcane,Daily
77,2.05,16,49,258,7.58,Loamy,Cotton,As-needed
83,2.12,26,60,242,7.49,Loamy,Rice,As-needed
83,1.61,26,32,211,6.86,Sandy,Cotton,As-needed
78,2.57,34,50,220,8.0,Red,Sugarcane,As-needed
67,2.09,39,81,273,7.31,Sandy,Sugarcane,Monthly
52,4.98,34,31,121,8.06,Clayey,Sugarcane,Bi-weekly
32,11.8,31,45,21,7.5,Red,Cotton,Daily
71,2.52,34,67,222,5.55,Red,Maize,As-needed
81,2.88,22,71,262,6.18,Black,Wheat,As-needed
53,3.23,22,64,148,8.05,Red,Wheat,Bi-weekly
60,4.37,23,72,173,7.15,Sandy,Wheat,Bi-weekly
67,3.21,32,84,260,8.13,Clayey,Wheat,Monthly
68,2.96,33,30,247,5.92,Clayey,Cotton,Monthly
75,2.2,19,84,218,6.78,Sandy,Rice,As-needed
32,6.97,38,37,87,5.99,Sandy,Wheat,Weekly
18,11.71,38,35,39,6.93,Red,Maize,Daily
21,8.12,36,71,32,8.09,Clayey,Maize,Daily
11,11.76,16,57,22,8.48,Loamy,Wheat,Daily
75,3.32,18,54,274,6.49,Clayey,Cotton,Monthly
49,7.32,33,75,127,5.65,Clayey,Rice,Weekly
73,2.72,36,50,208,5.93,Red,Maize,As-needed
14,9.44,16,88,44,7.3,Sandy,Sugarcane,Daily
47,5.67,33,43,70,6.7,Clayey,Sugarcane,Weekly
14,8.11,30,83,28,6.92,Clayey,Rice,Daily
57,6.25,36,88,69,7.92,Clayey,Sugarcane,Weekly
52,7.15,39,54,54,6.43,Red,Cotton,Weekly
30,10.63,37,54,0,6.76,Clayey,Maize,Daily
50,4.16,15,56,105,5.98,Sandy,Cotton,Bi-weekly
50,3.87,33,68,179,6.31,Sandy,Cotton,Bi-weekly
20,11.09,19,73,33,6.69,Loamy,Cotton,Daily
24,10.46,15,35,16,7.49,Red,Maize,Daily
82,2.23,24,33,259,6.34,Red,Cotton,As-needed
17,9.0,25,74,29,8.32,Black,Rice,Daily
25,8.55,18,70,42,8.37,Red,Wheat,Daily
63,3.19,15,87,114,7.31,Black,Wheat,Bi-weekly
34,10.23,36,32,9,6.77,Black,Sugarcane,Daily
19,9.77,38,63,39,6.77,Sandy,Rice,Daily
81,1.48,22,38,262,6.82,Sandy,Rice,As-needed
54,5.12,31,88,165,6.55,Red,Sugarcane,Bi-weekly
46,7.11,18,80,139,6.79,Sandy,Maize,Weekly
68,2.0,37,37,205,6.75,Black,Cotton,Monthly
69,3.76,19,42,206,7.47,Black,Wheat,Monthly
72,2.79,30,35,297,7.51,Clayey,Sugarcane,As-needed
44,5.05,30,69,32,6.79,Clayey,Wheat,Weekly
39,11.79,24,44,36,7.7,Red,Maize,Daily
47,5.09,29,37,68,7.48,Black,Maize,Weekly
74,2.91,26,69,199,7.21,Black,Maize,Monthly
38,7.54,33,57,51,6.58,Clayey,Sugarcane,Weekly
71,2.72,31,75,218,8.46,Sandy,Maize,As-needed
40,7.85,23,56,30,8.25,Loamy,Wheat,Weekly
62,3.34,31,30,285,6.55,Clayey,Rice,Monthly
65,5.46,32,61,157,5.93,Red,Wheat,Bi-weekly
76,2.65,35,52,159,5.56,Clayey,Cotton,Monthly
16,11.65,25,74,21,6.83,Loamy,Cotton,Daily
69,3.68,32,81,280,8.48,Loamy,Wheat,Monthly
19,11.9,16,68,39,6.69,Red,Sugarcane,Daily
56,5.72,34,84,62,6.2,Loamy,Cotton,Weekly
37,8.75,15,67,25,7.54,Black,Wheat,Daily
52,3.89,32,65,192,8.41,Black,Rice,Bi-weekly
14,9.59,16,36,40,6.45,Loamy,Cotton,Daily
61,5.12,33,73,173,7.07,Loamy,Cotton,Bi-weekly
66,5.13,17,68,127,7.37,Sandy,Sugarcane,Bi-weekly
58,3.3,32,40,121,7.2,Black,Maize,Bi-weekly
65,2.03,27,49,212,8.06,Clayey,Sugarcane,Monthly
34,9.12,24,48,10,7.69,Loamy,Cotton,Daily
37,10.23,30,69,38,6.81,Black,Wheat,Daily
22,9.9,39,49,46,8.26,Clayey,Cotton,Daily
38,9.31,31,86,14,7.07,Red,Maize,Daily
29,10.96,33,57,9,8.07,Loamy,Rice,Daily
31,7.24,33,67,83,8.02,Red,Rice,Weekly
18,9.35,19,36,41,6.26,Red,Maize,Daily
83,2.13,25,53,241,8.21,Sandy,Wheat,As-needed
72,3.09,15,87,228,8.44,Red,Maize,Monthly
36,11.43,31,31,20,6.79,Sandy,Maize,Daily
17,10.01,35,30,5,7.76,Clayey,Rice,Daily
66,3.95,23,83,144,8.32,Loamy,Rice,Bi-weekly
59,5.7,22,72,135,6.18,Sandy,Sugarcane,Weekly
16,10.46,35,41,35,5.98,Loamy,Rice,Daily
24,9.44,31,72,5,5.6,Sandy,Maize,Daily
83,2.79,27,32,264,8.5,Red,Wheat,As-needed
72,2.72,35,72,183,6.51,Loamy,Cotton,Monthly
52,5.2,28,51,131,6.13,Sandy,Sugarcane,Weekly
76,2.36,16,36,258,8.22,Red,Rice,As-needed
53,4.76,27,68,110,7.83,Clayey,Cotton,Bi-weekly
12,11.26,15,55,13,7.78,Loamy,Cotton,Daily
39,10.6,32,44,23,7.41,Loamy,Maize,Daily
34,7.11,25,55,101,7.29,Black,Wheat,Weekly
73,2.13,36,51,184,7.23,Red,Wheat,Monthly
66,5.98,31,50,112,6.56,Sandy,Sugarcane,Bi-weekly
66,2.79,27,57,159,6.09,Red,Sugarcane,Monthly
35,9.76,36,56,5,8.42,Clayey,Rice,Daily
75,2.81,34,33,246,6.53,Red,Maize,As-needed
43,7.45,35,61,136,6.73,Loamy,Wheat,Weekly
74,2.24,20,58,210,6.71,Red,Wheat,Monthly
13,10.78,27,60,3,7.1,Loamy,Maize,Daily
51,5.94,37,83,107,5.74,Black,Wheat,Weekly
24,10.17,26,80,44,7.85,Sandy,Maize,Daily
75,1.27,30,48,214,5.57,Sandy,Maize,As-needed
76,2.23,38,52,186,8.34,Loamy,Sugarcane,Monthly
54,4.03,39,41,104,5.76,Red,Rice,Bi-weekly
79,1.34,18,39,295,6.74,Sandy,Cotton,As-needed
78,2.01,28,50,205,7.25,Sandy,Rice,As-needed
78,1.2,28,40,276,7.54,Black,Cotton,As-needed
53,6.53,32,81,96,6.78,Black,Sugarcane,Weekly
60,5.25,38,62,120,6.13,Red,Rice,Bi-weekly
34,9.11,39,74,1,6.01,Red,Rice,Daily
34,9.51,31,79,3,7.93,Black,Sugarcane,Daily
68,2.32,15,71,166,6.69,Loamy,Cotton,Monthly
39,10.52,22,53,19,7.44,Sandy,Cotton,Daily
59,5.06,17,33,198,5.5,Red,Maize,Bi-weekly
24,9.42,39,57,25,6.62,Sandy,Rice,Daily
79,1.95,29,71,258,6.82,Red,Sugarcane,As-needed
45,5.11,19,39,39,8.28,Black,Maize,Weekly
14,10.98,37,54,14,6.27,Clayey,Rice,Daily
66,2.91,27,80,272,6.52,Clayey,Rice,Monthly
70,2.29,15,45,285,5.98,Red,Wheat,As-needed
31,9.29,39,61,35,7.56,Black,Maize,Daily
31,9.71,25,74,37,6.21,Sandy,Maize,Daily
76,2.44,26,75,168,6.81,Clayey,Sugarcane,Monthly
76,2.31,24,58,215,7.67,Black,Maize,As-needed
30,5.5,33,46,142,8.4,Black,Cotton,Weekly
37,7.3,35,37,89,5.98,Loamy,Wheat,Weekly
71,1.33,23,87,284,6.2,Sandy,Maize,As-needed
71,3.23,21,32,162,6.19,Sandy,Wheat,Monthly
16,8.9,24,54,46,7.46,Black,Sugarcane,Daily
75,2.71,33,80,217,6.95,Black,Rice,Monthly
57,5.6,36,51,190,6.85,Red,Rice,Bi-weekly
65,3.17,33,40,142,7.75,Clayey,Wheat,Bi-weekly
74,3.26,24,69,173,7.88,Loamy,Sugarcane,Monthly
23,10.09,38,59,47,5.87,Red,Sugarcane,Daily
69,2.64,22,47,254,6.67,Sandy,Rice,Monthly
58,5.85,35,41,48,5.62,Loamy,Cotton,Weekly
79,2.41,32,33,235,6.89,Sandy,Wheat,As-needed
68,4.24,21,32,146,7.82,Black,Rice,Bi-weekly
43,7.08,28,30,30,7.17,Loamy,Wheat,Weekly
74,2.81,32,83,251,8.11,Red,Cotton,As-needed
73,2.67,35,31,283,5.75,Clayey,Rice,Monthly
77,2.79,34,89,166,8.17,Black,Cotton,Monthly
78,2.51,15,72,200,8.49,Loamy,Wheat,Monthly
57,7.14,20,75,94,6.66,Sandy,Sugarcane,Weekly
81,2.64,21,87,218,6.19,Red,Wheat,As-needed
60,3.78,18,38,257,8.26,Sandy,Cotton,Monthly
75,3.74,39,73,156,7.26,Red,Cotton,Monthly
25,8.69,37,89,5,5.9,Red,Cotton,Daily
38,6.26,38,49,149,7.13,Sandy,Maize,Weekly
74,3.97,39,63,161,7.7,Red,Maize,Monthly
66,3.84,33,59,188,8.26,Clayey,Sugarcane,Bi-weekly
13,10.01,16,82,46,6.85,Red,Wheat,Daily
68,4.96,26,70,157,7.93,Sandy,Cotton,Bi-weekly
71,3.06,21,82,236,6.98,Loamy,Wheat,Monthly
29,8.29,22,56,28,7.88,Black,Cotton,Daily
10,11.76,18,76,12,8.2,Black,Cotton,Daily
51,5.38,32,81,185,7.56,Red,Sugarcane,Bi-weekly
33,8.3,17,40,31,6.33,Sandy,Sugarcane,Daily
77,2.61,33,77,272,6.29,Black,Maize,Monthly
60,4.35,21,57,101,5.59,Loamy,Wheat,Bi-weekly
74,1.04,35,79,283,6.71,Clayey,Maize,As-needed
77,2.82,31,79,287,6.86,Black,Sugarcane,Monthly
73,1.43,32,86,295,7.21,Red,Wheat,As-needed
70,3.99,39,34,197,6.11,Sandy,Sugarcane,Monthly
35,8.37,21,40,48,8.02,Red,Cotton,Daily
30,7.14,28,49,41,6.84,Red,Rice,Weekly
33,6.96,17,53,111,6.13,Red,Maize,Weekly
24,8.89,24,49,3,7.53,Red,Rice,Daily
52,5.72,30,42,174,6.48,Sandy,Rice,Bi-weekly
12,8.71,23,37,27,5.72,Loamy,Rice,Daily
53,3.63,28,83,183,8.05,Loamy,Rice,Bi-weekly
64,4.15,28,75,163,7.6,Sandy,Rice,Bi-weekly
83,2.24,32,57,272,6.8,Sandy,Maize,As-needed
69,3.47,32,44,204,7.17,Loamy,Cotton,Monthly
44,6.08,37,85,57,5.67,Clayey,Rice,Weekly
68,2.02,37,33,172,5.87,Red,Maize,Monthly
83,1.46,39,59,267,7.19,Red,Cotton,As-needed
66,5.85,28,40,123,7.64,Clayey,Wheat,Bi-weekly
58,5.55,26,45,146,8.11,Sandy,Rice,Bi-weekly
44,5.37,21,87,119,7.9,Black,Wheat,Weekly
42,6.11,33,58,117,7.52,Sandy,Maize,Weekly
81,2.57,17,74,291,7.78,Sandy,Maize,As-needed
59,3.8,28,79,179,6.67,Loamy,Wheat,Bi-weekly
59,7.23,29,83,86,7.42,Black,Cotton,Weekly
50,6.19,25,66,58,7.92,Red,Cotton,Weekly
69,2.52,21,44,291,6.76,Loamy,Wheat,Monthly
48,5.62,25,49,35,8.0,Red,Rice,Weekly
64,3.11,18,58,217,6.01,Red,Sugarcane,Monthly
78,2.1,37,47,299,7.04,Sandy,Sugarcane,Monthly
54,4.17,26,88,136,7.39,Clayey,Maize,Bi-weekly
61,3.99,33,65,104,7.89,Red,Wheat,Bi-weekly
31,8.96,23,43,18,8.13,Clayey,Maize,Daily
34,5.57,19,37,104,5.57,Black,Cotton,Weekly
65,2.59,18,57,277,6.89,Clayey,Rice,Monthly
39,10.06,24,76,16,8.19,Red,Maize,Daily
53,3.88,33,78,114,7.79,Loamy,Cotton,Bi-weekly
59,7.84,37,86,117,5.88,Sandy,Cotton,Weekly
37,5.98,30,68,36,6.39,Loamy,Wheat,Weekly
64,4.06,33,70,189,7.07,Black,Rice,Bi-weekly
59,3.87,26,50,147,5.82,Sandy,Cotton,Bi-weekly
78,3.58,29,46,159,7.01,Clayey,Cotton,Monthly
62,2.46,17,42,278,7.19,Loamy,Maize,Monthly
71,3.4,38,64,252,6.68,Clayey,Cotton,Monthly
63,3.81,22,77,174,6.54,Loamy,Maize,Monthly
77,2.84,21,59,237,6.43,Red,Cotton,As-needed
64,3.34,15,33,287,5.92,Red,Cotton,Monthly
77,1.32,17,87,297,7.83,Red,Sugarcane,As-needed
78,2.04,22,65,215,7.34,Black,Wheat,As-needed
77,3.0,19,58,152,8.42,Sandy,Maize,Monthly
69,5.58,21,77,169,5.61,Loamy,Rice,Bi-weekly
17,11.29,38,61,20,7.12,Black,Cotton,Daily
50,4.54,29,39,115,6.51,Sandy,Cotton,Bi-weekly
51,5.51,18,69,103,6.22,Loamy,Rice,Bi-weekly
66,2.79,26,35,280,6.41,Loamy,Sugarcane,Monthly
58,5.66,22,61,77,6.19,Clayey,Sugarcane,Weekly
75,2.39,19,62,197,7.76,Red,Wheat,Monthly
16,11.24,29,70,46,6.21,Sandy,Wheat,Daily
18,10.54,21,51,12,7.31,Sandy,Maize,Daily
56,5.62,17,80,181,6.12,Loamy,Wheat,Bi-weekly
64,3.56,34,52,115,5.99,Loamy,Rice,Bi-weekly
82,2.31,15,79,217,6.48,Red,Sugarcane,As-needed
60,5.02,37,75,134,5.51,Clayey,Wheat,Bi-weekly
72,3.18,27,82,204,8.37,Sandy,Maize,Monthly
39,6.21,35,49,103,6.89,Clayey,Maize,Weekly
71,2.03,28,37,248,6.53,Loamy,Maize,As-needed
25,10.82,21,60,48,5.96,Clayey,Rice,Daily
25,8.16,38,75,46,6.39,Sandy,Maize,Daily
63,3.6,32,69,135,6.83,Sandy,Wheat,Bi-weekly
65,3.48,25,51,124,8.21,Black,Sugarcane,Bi-weekly
67,4.43,19,38,176,8.37,Clayey,Cotton,Bi-weekly
77,2.04,28,62,272,7.27,Clayey,Maize,As-needed
30,6.42,24,84,123,6.79,Red,Maize,Weekly
79,2.47,28,84,244,6.36,Loamy,Wheat,Monthly
70,2.05,22,35,260,8.33,Red,Rice,Monthly
79,2.98,29,40,284,6.9,Sandy,Rice,Monthly
32,5.13,27,57,92,7.14,Sandy,Maize,Weekly
12,11.21,25,64,0,5.83,Clayey,Wheat,Daily
52,5.15,39,66,164,7.71,Black,Maize,Bi-weekly
36,9.54,36,32,27,6.62,Red,Maize,Daily
34,6.28,17,74,90,6.5,Black,Wheat,Weekly
15,10.55,23,58,2,7.25,Red,Maize,Daily
75,1.33,38,56,247,8.09,Red,Maize,As-needed
68,3.0,30,72,228,7.01,Loamy,Maize,Monthly
63,3.49,34,70,170,6.01,Black,Cotton,Bi-weekly
78,2.11,31,76,274,8.0,Red,Sugarcane,Monthly
70,1.2,19,87,243,8.14,Red,Wheat,As-needed
61,4.83,23,55,179,6.96,Sandy,Sugarcane,Bi-weekly
57,5.51,27,39,145,7.69,Loamy,Cotton,Bi-weekly
80,2.46,31,61,264,5.63,Black,Sugarcane,As-needed
73,2.57,24,36,289,6.15,Clayey,Maize,As-needed
56,6.01,31,36,86,5.53,Sandy,Maize,Weekly
34,11.41,20,69,16,7.38,Red,Rice,Daily
51,5.44,28,57,112,6.35,Clayey,Rice,Bi-weekly
37,11.82,17,34,45,6.35,Red,Cotton,Daily
65,2.09,21,41,296,6.48,Loamy,Rice,Monthly
70,2.85,38,32,163,6.44,Clayey,Sugarcane,Monthly
73,2.08,36,58,256,7.69,Loamy,Wheat,As-needed
63,3.71,22,45,191,6.08,Black,Maize,Bi-weekly
36,10.52,33,58,11,8.04,Black,Maize,Daily
71,2.0,24,40,217,6.41,Sandy,Rice,Monthly
60,3.76,20,87,158,7.47,Black,Wheat,Bi-weekly
65,2.79,26,56,162,7.65,Black,Maize,Monthly
78,2.46,29,34,242,8.01,Loamy,Maize,As-needed
56,4.35,38,79,171,5.69,Loamy,Rice,Bi-weekly
43,6.1,31,71,149,7.48,Sandy,Rice,Weekly
56,4.02,23,33,157,6.78,Black,Sugarcane,Bi-weekly
51,4.6,37,37,130,6.28,Clayey,Cotton,Bi-weekly
58,3.16,34,77,189,7.25,Sandy,Maize,Bi-weekly
46,7.42,30,41,51,6.69,Red,Wheat,Weekly
46,5.5,33,46,131,8.48,Red,Rice,Weekly
42,7.76,21,32,77,7.77,Red,Maize,Weekly
10,11.01,21,75,32,7.51,Black,Sugarcane,Daily
35,7.55,25,47,106,6.28,Sandy,Cotton,Weekly
79,1.26,16,32,292,8.15,Black,Sugarcane,As-needed
81,1.01,37,47,235,7.51,Loamy,Wheat,As-needed
59,3.97,23,64,154,7.71,Loamy,Maize,Bi-weekly
63,2.33,30,33,203,7.24,Red,Cotton,Monthly
70,2.26,37,87,200,7.17,Clayey,Wheat,Monthly
83,1.3,24,54,201,7.8,Loamy,Sugarcane,As-needed
61,4.34,30,79,153,7.2,Sandy,Maize,Bi-weekly
78,2.7,31,71,178,5.8,Sandy,Sugarcane,Monthly
66,4.64,36,36,170,7.5,Loamy,Cotton,Bi-weekly
32,10.86,32,77,1,5.99,Sandy,Wheat,Daily
77,3.68,34,66,258,6.49,Red,Maize,Monthly
33,6.04,24,46,88,5.85,Clayey,Sugarcane,Weekly
59,3.14,37,57,134,5.68,Red,Cotton,Bi-weekly
56,4.57,23,44,180,8.44,Loamy,Sugarcane,Bi-weekly
50,4.04,19,41,156,6.92,Clayey,Rice,Bi-weekly
64,4.2,16,39,144,6.44,Clayey,Rice,Bi-weekly
61,4.37,15,35,112,7.89,Loamy,Sugarcane,Bi-weekly
69,3.88,28,52,212,8.44,Clayey,Sugarcane,Monthly
76,1.13,35,65,272,7.26,Black,Wheat,As-needed
64,2.67,35,48,212,6.63,Black,Sugarcane,Monthly
50,4.6,26,41,165,6.67,Sandy,Cotton,Bi-weekly
79,2.87,21,57,255,8.47,Black,Cotton,As-needed
59,5.58,35,31,198,6.58,Clayey,Maize,Bi-weekly
32,5.91,17,59,115,8.19,Red,Wheat,Weekly
34,5.0,33,37,131,7.22,Clayey,Cotton,Weekly
39,7.11,16,72,41,7.75,Black,Wheat,Weekly
35,10.22,17,82,42,8.22,Sandy,Sugarcane,Daily
37,9.15,17,60,5,7.62,Black,Sugarcane,Daily
80,1.95,31,64,285,8.03,Sandy,Rice,As-needed
36,6.16,15,58,145,5.78,Loamy,Maize,Weekly
11,10.01,23,80,0,7.4,Sandy,Wheat,Daily
12,11.23,16,44,7,6.93,Red,Maize,Daily
52,3.24,22,38,115,6.07,Red,Cotton,Bi-weekly
83,1.92,39,46,242,6.58,Clayey,Rice,As-needed
75,3.08,19,39,191,6.67,Black,Maize,Monthly
62,3.07,26,61,224,7.08,Red,Cotton,Monthly
40,5.15,21,68,142,7.17,Black,Cotton,Weekly
27,10.05,24,54,33,6.49,Black,Cotton,Daily
65,3.03,24,48,219,7.01,Loamy,Cotton,Monthly
67,3.34,21,61,104,7.69,Loamy,Sugarcane,Bi-weekly
60,3.88,30,40,234,6.78,Black,Rice,Monthly
81,2.25,18,61,220,6.01,Red,Maize,As-needed
11,10.48,27,76,42,6.31,Black,Rice,Daily
34,11.41,34,80,24,7.31,Red,Wheat,Daily
70,1.93,30,45,215,7.78,Clayey,Cotton,As-needed
37,5.75,37,51,79,5.55,Clayey,Rice,Weekly
84,2.38,30,57,288,5.9,Red,Maize,As-needed
76,2.5,36,31,271,5.53,Red,Maize,Monthly
58,5.02,23,43,150,7.59,Black,Sugarcane,Bi-weekly
60,3.77,24,73,280,7.08,Black,Wheat,Monthly
57,5.54,24,79,83,6.22,Sandy,Cotton,Weekly
28,9.28,17,46,44,6.08,Sandy,Maize,Daily
61,5.96,31,42,117,6.41,Red,Maize,Bi-weekly
47,5.32,24,45,35,7.23,Loamy,Cotton,Weekly
51,7.6,20,88,67,5.65,Sandy,Wheat,Weekly
55,5.31,35,82,143,7.36,Clayey,Sugarcane,Weekly
80,1.41,16,72,284,7.31,Red,Rice,As-needed
70,1.75,19,48,296,8.13,Black,Wheat,As-needed
43,7.9,31,45,51,6.68,Black,Sugarcane,Weekly
52,6.49,19,88,93,5.59,Sandy,Maize,Weekly
61,5.07,20,49,113,8.34,Black,Maize,Bi-weekly
59,3.54,30,52,155,5.92,Clayey,Rice,Bi-weekly
83,1.58,21,44,273,6.6,Black,Wheat,As-needed
48,7.72,26,64,103,8.03,Clayey,Sugarcane,Weekly
25,10.45,16,70,43,6.27,Black,Wheat,Daily
59,7.25,37,83,109,7.33,Loamy,Maize,Weekly
79,2.82,36,54,272,7.09,Sandy,Sugarcane,As-needed
50,3.69,21,54,125,7.49,Sandy,Maize,Bi-weekly
36,7.98,20,50,39,7.41,Black,Sugarcane,Weekly
73,1.96,29,61,201,7.38,Clayey,Wheat,As-needed
39,10.16,28,42,8,5.81,Sandy,Wheat,Daily
64,4.18,36,52,154,5.55,Black,Cotton,Bi-weekly
60,2.99,36,73,259,6.1,Sandy,Wheat,Monthly
77,2.06,16,78,299,6.08,Red,Sugarcane,As-needed
39,7.86,25,81,141,8.43,Clayey,Wheat,Weekly
35,6.14,19,79,134,6.48,Clayey,Maize,Weekly
64,2.64,22,70,227,7.26,Black,Cotton,Monthly
76,3.62,25,30,226,7.59,Black,Sugarcane,Monthly
32,9.06,15,63,14,8.38,Red,Maize,Daily
31,10.76,38,73,7,6.19,Loamy,Sugarcane,Daily
10,8.31,26,54,24,5.66,Red,Wheat,Daily
59,5.67,29,75,163,6.64,Loamy,Wheat,Bi-weekly
68,5.81,15,38,181,7.32,Red,Sugarcane,Bi-weekly
82,2.85,19,85,225,6.63,Sandy,Sugarcane,As-needed
32,6.43,21,51,139,7.63,Loamy,Maize,Weekly
75,2.78,33,87,278,8.18,Loamy,Wheat,As-needed
76,1.18,30,30,297,8.47,Loamy,Sugarcane,As-needed
53,7.34,22,68,120,6.33,Loamy,Sugarcane,Weekly
68,4.04,18,69,159,6.72,Loamy,Sugarcane,Bi-weekly
25,8.38,29,44,29,7.14,Clayey,Sugarcane,Daily
50,4.61,31,68,111,5.65,Loamy,Cotton,Bi-weekly
60,3.61,30,78,184,6.93,Black,Rice,Monthly
31,8.05,31,38,44,6.84,Loamy,Wheat,Daily
10,10.08,19,84,26,7.0,Loamy,Sugarcane,Daily
84,2.66,23,37,255,7.46,Red,Rice,As-needed
63,5.88,22,49,114,7.74,Loamy,Wheat,Bi-weekly
33,6.56,39,66,119,6.02,Loamy,Sugarcane,Weekly
71,3.5,16,39,183,6.43,Black,Maize,Monthly
67,4.21,32,55,168,7.03,Sandy,Rice,Bi-weekly
37,6.39,20,83,97,7.57,Clayey,Sugarcane,Weekly
75,2.25,34,75,241,6.32,Clayey,Maize,As-needed
42,6.54,26,52,100,6.73,Loamy,Rice,Weekly
61,2.02,24,43,226,6.99,Red,Rice,Monthly
73,2.24,23,64,258,5.66,Loamy,Rice,Monthly
74,2.0,28,39,230,7.23,Loamy,Wheat,Monthly
76,2.42,18,64,235,5.66,Loamy,Wheat,As-needed
42,5.36,39,85,105,6.28,Clayey,Wheat,Weekly
11,10.89,17,35,25,6.69,Loamy,Cotton,Daily
25,9.39,28,49,6,5.92,Black,Sugarcane,Daily
74,3.34,23,83,153,6.57,Loamy,Wheat,Monthly
69,2.9,35,48,211,5.59,Black,Sugarcane,Monthly
84,2.18,32,40,224,6.3,Loamy,Wheat,As-needed
27,10.24,38,32,43,7.1,Sandy,Wheat,Daily
55,6.08,37,67,130,8.47,Sandy,Cotton,Weekly
41,5.64,33,76,98,6.05,Loamy,Cotton,Weekly
30,8.57,31,53,2,7.08,Black,Rice,Daily
65,5.99,20,53,192,7.03,Sandy,Wheat,Bi-weekly
73,2.9,27,36,217,5.88,Red,Maize,Monthly
61,3.88,35,37,220,7.48,Red,Wheat,Monthly
67,3.48,16,50,101,7.57,Loamy,Rice,Bi-weekly
79,2.85,38,69,227,7.38,Black,Sugarcane,As-needed
13,10.07,27,31,36,6.94,Loamy,Rice,Daily
65,5.18,26,39,166,5.66,Red,Rice,Bi-weekly
56,5.86,37,88,184,7.64,Red,Rice,Bi-weekly
61,4.71,32,66,192,8.34,Clayey,Wheat,Bi-weekly
73,2.91,21,67,285,7.52,Black,Sugarcane,As-needed
64,2.65,26,34,263,6.82,Clayey,Maize,Monthly
32,7.57,22,78,102,6.78,Loamy,Maize,Weekly
79,2.09,24,52,272,6.7,Clayey,Sugarcane,As-needed
62,5.15,36,83,174,7.4,Red,Sugarcane,Bi-weekly
16,11.84,21,36,8,7.39,Sandy,Cotton,Daily
65,5.25,28,83,196,7.68,Loamy,Wheat,Bi-weekly
81,1.21,34,42,245,7.33,Loamy,Rice,As-needed
78,2.49,24,62,240,5.63,Loamy,Rice,As-needed
48,6.15,36,30,84,7.28,Sandy,Wheat,Weekly
48,7.87,25,38,108,6.27,Sandy,Cotton,Weekly
36,7.43,26,62,57,5.79,Black,Maize,Weekly
61,2.38,15,43,254,6.25,Loamy,Rice,Monthly
60,3.38,27,47,220,5.63,Red,Maize,Monthly
79,1.46,38,88,238,7.43,Clayey,Maize,As-needed
77,3.04,17,82,298,7.79,Sandy,Cotton,Monthly
42,7.14,30,84,116,7.14,Clayey,Maize,Weekly
30,6.87,31,39,108,6.93,Clayey,Rice,Weekly
54,3.73,32,40,186,8.12,Red,Wheat,Bi-weekly
65,3.04,35,60,126,6.33,Black,Rice,Bi-weekly
50,3.77,21,30,116,6.34,Sandy,Rice,Bi-weekly
32,5.94,35,66,70,7.48,Red,Sugarcane,Weekly
44,5.03,30,48,48,7.69,Loamy,Cotton,Weekly
79,1.38,23,73,271,7.95,Clayey,Sugarcane,As-needed
77,1.99,39,48,244,6.8,Red,Maize,As-needed
76,3.78,38,89,174,5.91,Loamy,Maize,Monthly
55,3.37,18,47,164,7.38,Red,Cotton,Bi-weekly
54,5.08,33,72,125,7.31,Loamy,Rice,Weekly
27,8.99,19,63,5,8.44,Sandy,Cotton,Daily
42,7.71,39,75,97,7.98,Red,Sugarcane,Weekly
78,2.51,21,79,209,7.77,Clayey,Maize,As-needed
50,3.35,15,53,125,5.78,Loamy,Cotton,Bi-weekly
51,5.25,36,40,145,5.5,Black,Maize,Bi-weekly
33,8.06,26,44,18,6.23,Loamy,Wheat,Daily
49,7.26,24,57,72,6.75,Clayey,Cotton,Weekly
78,2.45,31,44,234,7.61,Sandy,Cotton,As-needed
40,7.78,16,86,121,7.51,Sandy,Sugarcane,Weekly
12,9.97,29,70,12,5.87,Red,Wheat,Daily
16,10.78,37,37,10,7.29,Clayey,Cotton,Daily
37,6.18,36,32,98,6.01,Red,Rice,Weekly
50,4.46,39,42,134,7.01,Sandy,Cotton,Bi-weekly
54,3.97,39,85,153,8.5,Red,Wheat,Bi-weekly
68,3.87,34,67,156,6.56,Black,Sugarcane,Bi-weekly
39,8.39,21,62,24,7.24,Sandy,Maize,Daily
65,3.5,27,86,223,6.15,Sandy,Wheat,Monthly
75,1.52,28,30,202,6.7,Red,Sugarcane,As-needed
54,4.54,39,69,194,8.22,Red,Cotton,Bi-weekly
64,3.19,16,86,155,6.06,Black,Sugarcane,Bi-weekly
52,5.82,32,40,89,7.96,Clayey,Rice,Weekly
63,2.51,33,53,260,6.98,Black,Wheat,Monthly
78,2.3,33,32,218,8.06,Loamy,Sugarcane,As-needed
20,10.99,16,38,16,5.74,Black,Wheat,Daily
58,5.59,35,66,127,7.53,Sandy,Rice,Bi-weekly
76,1.5,22,40,253,7.09,Sandy,Wheat,As-needed
26,8.3,16,83,25,6.51,Sandy,Rice,Daily
65,2.98,38,59,203,7.65,Red,Cotton,Monthly
72,1.39,21,81,202,8.11,Clayey,Wheat,As-needed
34,6.48,36,37,111,5.69,Loamy,Maize,Weekly
51,5.07,38,85,130,7.32,Clayey,Maize,Bi-weekly
63,5.19,27,69,192,6.79,Sandy,Rice,Bi-weekly
57,5.94,18,60,198,6.45,Sandy,Sugarcane,Bi-weekly
84,1.34,39,88,239,5.85,Sandy,Cotton,As-needed
11,11.24,26,57,39,5.86,Clayey,Cotton,Daily
75,3.19,25,58,185,7.38,Clayey,Sugarcane,Monthly
66,3.65,24,57,202,5.76,Loamy,Sugarcane,Monthly
36,9.66,31,31,25,7.86,Black,Rice,Daily
16,9.83,22,88,0,6.63,Clayey,Maize,Daily
64,4.74,25,40,183,7.11,Black,Sugarcane,Bi-weekly
75,2.12,16,33,294,6.02,Loamy,Cotton,Monthly
47,5.19,22,86,94,7.15,Clayey,Wheat,Weekly
21,10.07,33,45,24,6.44,Loamy,Cotton,Daily
64,2.11,26,48,220,6.96,Red,Cotton,Monthly
38,5.0,38,57,127,5.67,Loamy,Maize,Weekly
56,3.34,27,56,126,6.29,Clayey,Cotton,Bi-weekly
64,2.06,26,81,226,7.99,Black,Wheat,Monthly
57,5.0,27,52,141,6.31,Loamy,Sugarcane,Bi-weekly
58,5.24,25,85,173,7.0,Clayey,Cotton,Bi-weekly
45,6.25,29,66,134,7.57,Sandy,Wheat,Weekly
68,4.11,17,46,194,7.52,Black,Rice,Bi-weekly
45,7.28,18,82,126,6.75,Loamy,Rice,Weekly
38,10.51,17,47,2,6.02,Loamy,Rice,Daily
34,7.03,29,44,91,5.6,Loamy,Sugarcane,Weekly
36,10.22,32,42,20,6.18,Black,Maize,Daily
12,10.31,39,77,23,7.04,Sandy,Cotton,Daily
50,6.06,20,70,103,5.62,Loamy,Maize,Weekly
21,11.85,18,58,14,6.72,Clayey,Rice,Daily
56,5.01,18,82,122,6.86,Sandy,Maize,Bi-weekly
78,2.53,23,86,278,6.45,Loamy,Rice,As-needed
64,4.37,15,34,139,5.78,Sandy,Maize,Bi-weekly
84,1.51,25,51,219,6.76,Red,Maize,As-needed
40,6.66,17,49,109,7.98,Clayey,Wheat,Weekly
55,5.52,26,74,137,7.73,Black,Wheat,Bi-weekly
42,7.34,29,61,68,6.55,Clayey,Wheat,Weekly
31,7.14,19,73,121,6.37,Clayey,Wheat,Weekly
81,1.26,16,51,205,6.63,Red,Wheat,As-needed
53,3.17,19,43,171,6.97,Loamy,Cotton,Bi-weekly
59,3.27,35,62,102,7.74,Sandy,Wheat,Bi-weekly
17,8.23,33,32,46,6.44,Black,Sugarcane,Daily
68,2.93,26,78,188,7.43,Clayey,Sugarcane,Monthly
67,4.01,16,55,186,5.94,Clayey,Rice,Bi-weekly
50,6.49,23,86,54,8.44,Loamy,Maize,Weekly
77,1.06,33,61,241,8.36,Red,Maize,As-needed
55,7.67,27,78,83,6.53,Clayey,Maize,Weekly
18,11.62,22,58,10,7.33,Loamy,Rice,Daily
69,4.96,23,47,137,6.66,Loamy,Wheat,Bi-weekly
55,4.05,21,56,111,6.64,Red,Cotton,Bi-weekly
60,2.05,37,32,182,6.91,Red,Wheat,Monthly
55,5.74,22,61,57,7.22,Black,Sugarcane,Weekly
45,7.68,39,60,131,7.27,Loamy,Wheat,Weekly
67,2.8,35,65,235,7.88,Loamy,Wheat,Monthly
48,7.75,17,30,129,7.34,Black,Sugarcane,Weekly
84,2.82,33,79,257,6.28,Sandy,Maize,As-needed
17,11.18,22,88,22,7.01,Loamy,Cotton,Daily
38,9.97,22,65,25,8.32,Red,Rice,Daily
60,3.04,35,85,247,7.67,Sandy,Wheat,Monthly
79,3.25,19,33,277,6.53,Sandy,Rice,Monthly
73,2.64,18,81,263,6.67,Sandy,Rice,As-needed
67,4.52,32,77,141,7.61,Red,Sugarcane,Bi-weekly
63,5.39,29,59,102,6.03,Loamy,Cotton,Bi-weekly
84,2.92,26,32,206,7.68,Loamy,Maize,As-needed
22,11.31,21,32,24,6.94,Clayey,Maize,Daily
65,4.96,33,55,157,8.27,Black,Cotton,Bi-weekly
65,5.57,16,47,145,7.12,Red,Maize,Bi-weekly
78,2.64,21,69,267,6.14,Sandy,Maize,As-needed
71,2.05,31,67,233,5.76,Sandy,Maize,As-needed
34,7.94,30,42,102,6.71,Sandy,Maize,Weekly
32,11.11,23,40,13,7.65,Clayey,Cotton,Daily
33,8.18,39,45,8,8.44,Loamy,Rice,Daily
48,7.51,21,40,92,8.2,Red,Cotton,Weekly
74,1.19,24,34,256,7.38,Sandy,Maize,As-needed
72,2.02,39,88,254,7.79,Black,Sugarcane,As-needed
82,1.22,29,47,230,5.94,Red,Wheat,As-needed
75,2.79,38,79,256,7.13,Clayey,Maize,As-needed
57,5.38,23,69,70,6.39,Black,Cotton,Weekly
78,1.51,15,44,246,6.7,Red,Wheat,As-needed
57,3.97,25,53,162,7.62,Sandy,Wheat,Bi-weekly
33,7.64,22,86,76,7.99,Clayey,Cotton,Weekly
11,8.4,16,35,37,7.15,Red,Wheat,Daily
62,3.08,23,78,222,7.48,Clayey,Maize,Monthly
51,4.45,32,66,186,7.96,Loamy,Sugarcane,Bi-weekly
13,10.52,37,37,27,7.8,Loamy,Sugarcane,Daily
72,3.25,18,42,161,7.72,Sandy,Cotton,Monthly
65,5.13,25,58,119,7.47,Black,Sugarcane,Bi-weekly
76,2.21,32,34,255,6.0,Red,Rice,As-needed
42,6.42,30,53,49,6.16,Clayey,Sugarcane,Weekly
68,2.69,22,59,207,6.11,Sandy,Cotton,Monthly
46,7.85,35,74,63,8.19,Clayey,Rice,Weekly
82,1.02,21,89,235,7.56,Red,Rice,As-needed
54,4.85,34,36,159,6.78,Black,Wheat,Bi-weekly
71,1.52,31,32,225,7.16,Clayey,Rice,As-needed
65,2.41,20,62,209,6.87,Sandy,Sugarcane,Monthly
50,5.22,17,64,152,6.21,Red,Wheat,Bi-weekly
84,1.86,23,47,242,7.86,Red,Maize,As-needed
14,10.33,24,74,17,6.07,Loamy,Cotton,Daily
39,7.11,26,60,87,7.58,Sandy,Maize,Weekly
78,2.47,30,37,244,8.46,Clayey,Wheat,As-needed
39,10.82,32,89,29,6.02,Black,Rice,Daily
15,8.71,22,42,46,7.47,Red,Rice,Daily
78,2.0,33,35,255,5.52,Black,Wheat,As-needed
30,6.3,16,37,96,6.53,Black,Wheat,Weekly
80,1.98,28,82,287,5.74,Sandy,Wheat,As-needed
60,2.45,20,83,225,5.87,Loamy,Maize,Monthly
37,9.5,23,58,28,7.17,Loamy,Rice,Daily
26,9.18,19,87,36,7.4,Black,Cotton,Daily
37,7.13,30,84,30,5.74,Red,Cotton,Weekly
59,3.57,24,67,151,8.16,Clayey,Wheat,Bi-weekly
72,2.19,22,72,199,6.67,Red,Rice,Monthly
31,7.3,23,49,141,6.44,Black,Maize,Weekly
71,1.44,16,64,273,8.25,Red,Cotton,As-needed
72,1.76,28,53,285,7.31,Black,Cotton,As-needed
31,7.68,28,87,148,8.42,Red,Maize,Weekly
83,1.43,16,36,299,5.83,Sandy,Cotton,As-needed
46,5.97,37,60,71,7.85,Black,Wheat,Weekly
83,1.53,29,71,270,6.77,Red,Sugarcane,As-needed
68,3.56,30,62,284,6.13,Loamy,Rice,Monthly
63,3.48,19,64,187,6.58,Clayey,Sugarcane,Bi-weekly
66,2.6,37,86,288,6.47,Red,Maize,Monthly
60,2.84,26,39,205,7.02,Sandy,Cotton,Monthly
73,1.82,36,62,228,6.96,Red,Cotton,As-needed
68,3.8,38,60,280,7.22,Clayey,Cotton,Monthly
84,2.36,19,39,259,7.2,Sandy,Rice,As-needed
56,5.44,26,86,187,6.88,Black,Rice,Bi-weekly
74,1.67,16,53,237,8.28,Black,Sugarcane,As-needed
32,10.73,38,61,30,6.83,Clayey,Maize,Daily
60,4.89,17,89,106,6.45,Loamy,Sugarcane,Bi-weekly
66,4.19,22,34,168,7.16,Black,Maize,Bi-weekly
66,3.19,18,31,147,6.1,Loamy,Wheat,Bi-weekly
75,2.96,18,38,278,5.88,Black,Maize,As-needed
63,3.95,33,32,109,5.53,Sandy,Wheat,Bi-weekly
68,3.76,24,49,136,6.65,Sandy,Cotton,Bi-weekly
37,9.54,31,41,16,6.49,Black,Cotton,Daily
84,1.62,32,68,231,7.57,Clayey,Rice,As-needed
82,1.37,35,44,244,7.62,Red,Cotton,As-needed
39,7.89,39,61,98,7.28,Clayey,Sugarcane,Weekly
55,4.54,20,79,157,6.36,Red,Maize,Bi-weekly
63,3.83,19,44,181,8.19,Clayey,Maize,Monthly
72,2.11,17,52,285,8.01,Loamy,Sugarcane,As-needed
23,9.64,16,63,14,5.88,Red,Sugarcane,Daily
71,2.65,25,64,272,7.59,Red,Wheat,Monthly
77,3.42,27,74,282,7.16,Red,Wheat,Monthly
34,5.82,29,80,149,5.71,Red,Rice,Weekly
79,1.84,35,54,279,6.24,Sandy,Rice,As-needed
64,5.78,23,85,175,5.77,Clayey,Cotton,Bi-weekly
34,10.79,18,62,2,5.53,Red,Cotton,Daily
18,11.77,18,81,8,7.45,Sandy,Rice,Daily
35,5.73,23,58,146,8.29,Red,Maize,Weekly
76,1.25,24,85,290,5.8,Black,Sugarcane,As-needed
16,11.17,39,88,16,7.9,Black,Sugarcane,Daily
73,1.63,28,69,216,7.24,Sandy,Maize,As-needed
61,3.72,29,66,165,6.21,Clayey,Wheat,Bi-weekly
81,2.24,35,39,270,6.76,Clayey,Sugarcane,As-needed
16,10.27,32,34,7,6.11,Black,Sugarcane,Daily
66,3.93,16,45,173,7.7,Loamy,Sugarcane,Bi-weekly
71,1.52,15,66,250,7.09,Red,Sugarcane,As-needed
63,4.46,24,55,188,7.7,Black,Rice,Bi-weekly
48,7.28,33,45,34,6.91,Sandy,Maize,Weekly
21,9.14,17,46,28,6.32,Sandy,Cotton,Daily
79,3.51,23,46,150,7.2,Clayey,Cotton,Monthly
53,3.58,19,42,170,8.09,Sandy,Cotton,Bi-weekly
81,1.46,25,51,206,6.92,Loamy,Cotton,As-needed
61,3.31,19,80,171,8.18,Sandy,Wheat,Bi-weekly
62,2.16,18,72,197,7.16,Loamy,Maize,Monthly
83,1.86,17,77,232,6.86,Sandy,Rice,As-needed
35,6.43,22,88,114,7.04,Clayey,Wheat,Weekly
16,11.02,16,38,23,6.47,Loamy,Maize,Daily
73,2.94,32,49,213,6.25,Red,Cotton,As-needed
39,11.97,27,51,35,7.31,Black,Cotton,Daily
74,2.76,30,36,205,6.54,Black,Wheat,As-needed
76,3.18,26,74,181,7.95,Sandy,Wheat,Monthly
76,2.57,33,81,200,7.43,Sandy,Sugarcane,Monthly
35,10.18,25,64,36,6.39,Loamy,Cotton,Daily
53,7.55,15,46,115,6.07,Black,Sugarcane,Weekly
48,7.54,32,83,79,6.3,Sandy,Cotton,Weekly
83,2.58,38,35,240,7.14,Black,Sugarcane,As-needed
79,1.82,20,74,291,6.26,Clayey,Rice,As-needed
50,7.36,20,31,128,6.65,Loamy,Wheat,Weekly
81,1.85,22,70,238,7.16,Clayey,Sugarcane,As-needed
55,4.21,24,76,147,6.62,Clayey,Sugarcane,Bi-weekly
33,5.6,29,41,48,8.21,Black,Sugarcane,Weekly
82,2.26,25,51,237,8.34,Black,Rice,As-needed
68,5.29,36,50,179,7.18,Clayey,Cotton,Bi-weekly
36,10.3,33,58,39,8.13,Clayey,Sugarcane,Daily
82,2.96,39,54,271,7.5,Clayey,Maize,As-needed
82,1.83,19,49,231,7.14,Clayey,Cotton,As-needed
54,7.05,35,46,112,7.2,Red,Rice,Weekly
52,4.22,24,55,126,6.83,Loamy,Cotton,Bi-weekly
76,1.96,39,44,299,5.53,Red,Wheat,As-needed
46,6.73,29,83,69,5.75,Black,Maize,Weekly
68,3.99,27,57,219,8.12,Red,Sugarcane,Monthly
40,6.3,33,82,147,7.49,Red,Maize,Weekly
76,3.93,20,49,175,5.8,Black,Rice,Monthly
24,11.02,25,49,18,8.36,Loamy,Rice,Daily
58,3.79,17,58,123,6.13,Clayey,Maize,Bi-weekly
66,3.32,25,53,241,5.99,Clayey,Wheat,Monthly
53,5.78,17,38,75,7.09,Sandy,Sugarcane,Weekly
12,8.11,33,79,43,8.28,Black,Maize,Daily
52,7.34,37,69,67,5.97,Loamy,Sugarcane,Weekly
60,2.02,26,66,271,6.61,Black,Wheat,Monthly
67,3.23,16,48,163,5.53,Black,Cotton,Bi-weekly
39,9.28,33,76,38,7.1,Sandy,Cotton,Daily
78,2.97,21,39,290,6.91,Sandy,Sugarcane,As-needed
67,5.23,18,48,170,5.85,Red,Sugarcane,Bi-weekly
11,9.11,32,60,11,7.28,Clayey,Rice,Daily
32,11.64,32,53,3,7.4,Sandy,Rice,Daily
83,2.45,22,42,237,6.44,Red,Rice,As-needed
52,6.87,15,79,78,6.21,Sandy,Rice,Weekly
37,8.16,24,58,19,7.81,Red,Cotton,Daily
64,3.4,33,66,168,5.81,Red,Cotton,Monthly
24,9.79,19,35,32,8.43,Loamy,Rice,Daily
62,3.1,24,47,208,7.67,Red,Maize,Monthly
59,5.48,19,31,116,8.28,Sandy,Maize,Bi-weekly
36,8.48,30,49,35,6.19,Black,Rice,Daily
65,2.76,19,84,159,6.5,Clayey,Wheat,Monthly
73,1.48,20,65,297,7.52,Clayey,Cotton,As-needed
73,2.69,29,46,237,6.75,Sandy,Rice,As-needed
78,1.45,28,57,253,5.7,Clayey,Wheat,As-needed
76,1.72,27,62,245,7.34,Loamy,Maize,As-needed
60,4.54,32,43,193,7.53,Loamy,Sugarcane,Bi-weekly
83,1.63,22,84,238,8.32,Black,Cotton,As-needed
73,2.49,22,50,286,7.28,Clayey,Cotton,Monthly
39,8.69,20,48,0,7.76,Sandy,Wheat,Daily
74,1.46,35,87,261,5.77,Loamy,Rice,As-needed
69,4.85,29,64,187,5.64,Red,Cotton,Bi-weekly
68,2.24,20,38,207,8.35,Red,Rice,Monthly
37,10.47,19,47,7,5.51,Clayey,Rice,Daily
50,7.19,31,33,113,8.47,Sandy,Wheat,Weekly
29,10.85,24,63,29,6.5,Black,Sugarcane,Daily
17,10.95,23,36,25,6.2,Clayey,Rice,Daily
47,5.21,15,81,136,7.92,Sandy,Sugarcane,Weekly
79,1.11,32,31,291,5.52,Red,Rice,As-needed
58,5.76,19,47,190,6.58,Clayey,Sugarcane,Bi-weekly
78,1.46,21,42,267,6.47,Red,Rice,As-needed
72,2.32,38,79,237,8.06,Loamy,Maize,As-needed
82,2.66,28,62,269,6.47,Loamy,Cotton,As-needed
66,3.33,20,61,203,6.32,Loamy,Wheat,Monthly
76,2.42,34,42,293,7.23,Loamy,Sugarcane,Monthly
73,2.4,28,73,261,7.05,Red,Sugarcane,Monthly
72,2.88,20,38,250,6.73,Clayey,Rice,Monthly
81,2.58,17,49,237,7.24,Clayey,Wheat,As-needed
53,5.27,32,51,112,6.62,Red,Rice,Weekly
72,2.24,27,37,150,8.27,Black,Sugarcane,Monthly
69,5.53,37,67,169,7.18,Loamy,Cotton,Bi-weekly
74,1.98,28,65,277,6.3,Red,Wheat,As-needed
60,3.07,33,70,157,5.91,Loamy,Rice,Monthly
80,2.36,27,67,208,7.73,Black,Wheat,As-needed
70,2.34,36,73,278,5.56,Black,Sugarcane,As-needed
76,2.69,30,72,253,5.57,Red,Sugarcane,As-needed
68,2.28,20,64,239,8.18,Red,Maize,Monthly
48,6.69,37,61,96,7.49,Clayey,Rice,Weekly
83,1.95,35,82,282,6.03,Black,Maize,As-needed
63,3.35,33,82,178,7.02,Clayey,Rice,Monthly
75,1.28,31,56,225,8.34,Clayey,Maize,As-needed
75,1.48,23,61,276,5.63,Loamy,Wheat,As-needed
12,11.25,38,42,0,5.98,Clayey,Rice,Daily
44,5.87,15,88,140,6.04,Black,Sugarcane,Weekly
73,2.78,29,63,299,6.79,Clayey,Sugarcane,Monthly
69,3.71,37,57,175,7.48,Clayey,Cotton,Monthly
54,5.45,29,87,85,7.76,Sandy,Cotton,Weekly
75,2.07,39,54,152,7.35,Loamy,Wheat,Monthly
64,2.63,35,32,287,5.88,Black,Wheat,Monthly
64,4.99,37,52,118,7.41,Red,Cotton,Bi-weekly
35,7.0,16,42,44,5.62,Sandy,Wheat,Weekly
52,5.04,29,35,55,6.69,Sandy,Cotton,Weekly
60,3.33,25,70,156,8.3,Black,Rice,Monthly
75,3.87,30,48,165,6.89,Black,Sugarcane,Monthly
72,3.83,21,53,296,6.24,Red,Maize,Monthly
75,3.16,36,73,240,5.76,Red,Wheat,Monthly
71,2.16,32,48,217,5.6,Sandy,Wheat,As-needed
66,2.0,36,52,242,6.81,Clayey,Sugarcane,Monthly
75,2.9,37,48,161,5.82,Clayey,Maize,Monthly
62,2.55,32,72,244,7.83,Red,Cotton,Monthly
64,2.46,21,67,161,5.9,Sandy,Sugarcane,Monthly
77,1.08,27,37,242,7.3,Red,Wheat,As-needed
73,3.23,36,82,190,5.53,Black,Wheat,Monthly
78,1.06,22,63,276,8.17,Clayey,Maize,As-needed
74,1.09,35,36,280,5.8,Loamy,Wheat,As-needed
73,1.28,33,59,292,8.33,Clayey,Maize,As-needed
75,1.32,20,48,232,6.79,Red,Cotton,As-needed
52,6.31,29,68,78,7.81,Black,Wheat,Weekly
57,6.44,17,54,142,7.56,Loamy,Wheat,Weekly
59,3.19,25,40,181,7.44,Red,Maize,Bi-weekly
70,1.67,24,44,286,6.32,Loamy,Maize,As-needed
36,5.68,29,61,51,7.55,Sandy,Rice,Weekly
39,6.55,28,34,149,5.53,Black,Rice,Weekly
54,6.89,34,82,118,7.94,Clayey,Cotton,Weekly
51,5.54,37,60,191,7.68,Loamy,Wheat,Bi-weekly
74,2.24,17,36,255,6.74,Sandy,Wheat,Monthly
78,1.04,16,31,250,7.03,Loamy,Cotton,As-needed
68,4.48,16,79,189,6.28,Loamy,Rice,Bi-weekly
59,5.88,23,40,39,6.54,Red,Wheat,Weekly
56,5.36,19,74,145,6.04,Black,Cotton,Bi-weekly
56,5.91,35,55,140,6.48,Black,Sugarcane,Weekly
58,3.21,36,64,149,6.07,Sandy,Rice,Bi-weekly
79,1.41,28,71,288,5.96,Loamy,Cotton,As-needed
31,6.63,34,77,143,6.31,Red,Wheat,Weekly
81,1.04,34,73,295,6.23,Loamy,Wheat,As-needed
66,3.78,17,87,282,5.85,Loamy,Rice,Monthly
56,5.95,36,89,108,6.8,Black,Rice,Weekly
78,1.83,23,41,258,5.95,Red,Maize,As-needed
38,11.18,21,42,23,5.55,Clayey,Rice,Daily
62,3.53,28,45,160,7.45,Clayey,Rice,Bi-weekly
32,7.43,27,64,126,8.41,Loamy,Wheat,Weekly
76,3.45,27,72,229,7.56,Sandy,Rice,Monthly
42,7.95,33,47,108,7.97,Black,Wheat,Weekly
52,4.55,31,50,112,6.65,Clayey,Sugarcane,Bi-weekly
77,3.71,22,50,271,6.94,Sandy,Sugarcane,Monthly
79,2.41,32,63,233,8.33,Clayey,Rice,As-needed
60,2.21,29,52,273,7.05,Clayey,Wheat,Monthly
65,3.11,31,59,197,7.06,Clayey,Maize,Bi-weekly
79,3.98,35,53,167,8.46,Loamy,Rice,Monthly
69,3.37,29,56,104,6.4,Sandy,Sugarcane,Bi-weekly
22,11.01,24,32,24,8.08,Black,Sugarcane,Daily
27,9.84,19,82,29,6.03,Clayey,Maize,Daily
52,7.91,15,40,135,6.33,Loamy,Cotton,Weekly
50,3.29,15,31,134,6.15,Clayey,Maize,Bi-weekly
12,8.16,17,47,28,6.2,Loamy,Sugarcane,Daily
36,7.09,24,81,112,6.1,Red,Sugarcane,Weekly
77,1.55,21,62,290,7.9,Black,Rice,As-needed
69,2.08,16,74,198,8.07,Sandy,Sugarcane,Monthly
69,5.46,39,50,148,8.26,Black,Sugarcane,Bi-weekly
74,2.26,36,86,205,5.65,Sandy,Sugarcane,As-needed
43,5.29,20,89,138,5.58,Black,Maize,Weekly
82,1.29,32,65,207,8.02,Black,Maize,As-needed
55,6.87,19,48,35,7.97,Black,Sugarcane,Weekly
76,2.11,24,85,222,6.4,Loamy,Cotton,As-needed
63,4.63,39,55,158,8.44,Loamy,Rice,Bi-weekly
61,2.52,21,41,292,8.33,Black,Maize,Monthly
52,5.69,28,78,47,7.54,Clayey,Cotton,Weekly
59,5.85,30,54,32,6.42,Black,Wheat,Weekly
21,8.31,36,78,1,7.24,Clayey,Cotton,Daily
53,4.52,19,71,182,8.16,Red,Maize,Bi-weekly
78,1.78,22,43,290,7.68,Black,Sugarcane,As-needed
60,2.52,35,42,265,6.47,Black,Cotton,Monthly
51,7.41,27,79,56,5.56,Loamy,Rice,Weekly
50,6.24,31,63,91,5.81,Black,Cotton,Weekly
55,5.47,15,60,163,6.26,Sandy,Cotton,Bi-weekly
57,3.75,21,63,189,6.66,Black,Wheat,Bi-weekly
62,4.9,20,73,143,5.55,Black,Rice,Bi-weekly
36,7.57,25,41,50,7.8,Sandy,Rice,Weekly
16,10.29,26,88,31,7.65,Clayey,Maize,Daily
33,8.18,24,46,42,6.45,Loamy,Wheat,Daily
66,3.34,33,84,120,5.91,Loamy,Cotton,Bi-weekly
19,9.27,28,69,38,6.74,Black,Rice,Daily
65,5.52,18,78,101,6.3,Clayey,Maize,Bi-weekly
34,9.48,27,82,37,6.27,Red,Cotton,Daily
76,2.88,22,39,272,6.45,Red,Sugarcane,Monthly
79,1.45,17,48,274,5.7,Sandy,Sugarcane,As-needed
26,10.56,32,41,28,6.59,Sandy,Rice,Daily
11,10.14,24,70,42,6.84,Loamy,Wheat,Daily
57,5.95,30,49,72,7.54,Sandy,Rice,Weekly
74,2.18,29,57,208,7.63,Clayey,Cotton,As-needed
38,8.48,28,84,49,6.3,Loamy,Maize,Daily
56,5.5,19,44,138,6.76,Red,Cotton,Weekly
76,2.61,23,41,183,7.82,Loamy,Maize,Monthly
55,3.69,38,32,125,6.48,Red,Wheat,Bi-weekly
53,3.78,20,88,183,7.66,Red,Sugarcane,Bi-weekly
60,3.46,36,57,205,7.66,Clayey,Wheat,Monthly
44,5.36,17,61,52,8.32,Sandy,Cotton,Weekly
57,4.65,15,79,100,8.38,Sandy,Sugarcane,Bi-weekly
63,3.36,17,75,197,7.39,Red,Maize,Monthly
58,7.42,15,73,78,8.45,Sandy,Rice,Weekly
79,2.36,17,56,240,6.85,Clayey,Sugarcane,As-needed
37,10.6,37,65,39,5.94,Loamy,Sugarcane,Daily
73,2.6,20,31,254,8.09,Black,Cotton,As-needed
33,9.57,17,44,13,7.39,Red,Maize,Daily
53,4.14,16,81,110,6.45,Black,Maize,Bi-weekly
50,3.15,19,83,196,7.35,Red,Rice,Bi-weekly
51,5.17,35,59,49,8.29,Red,Sugarcane,Weekly
17,8.73,32,42,29,6.66,Sandy,Cotton,Daily
35,8.41,22,51,13,7.46,Sandy,Rice,Daily
44,6.11,18,59,138,6.49,Red,Cotton,Weekly
34,8.47,35,54,5,6.62,Sandy,Maize,Daily
54,7.52,15,69,34,7.55,Clayey,Wheat,Weekly
58,4.34,30,43,130,7.37,Loamy,Wheat,Bi-weekly
52,3.66,23,62,133,5.77,Red,Wheat,Bi-weekly
37,10.08,25,78,26,7.12,Sandy,Sugarcane,Daily
75,2.04,35,80,224,6.1,Black,Cotton,As-needed
38,6.57,25,55,65,7.78,Loamy,Rice,Weekly
74,2.57,24,81,283,6.41,Loamy,Sugarcane,As-needed
32,11.8,21,46,36,6.01,Sandy,Maize,Daily
78,2.44,15,61,280,6.89,Black,Sugarcane,As-needed
59,4.51,35,59,108,8.48,Loamy,Maize,Bi-weekly
72,3.81,38,45,279,7.63,Black,Cotton,Monthly
70,2.72,38,57,202,6.81,Sandy,Cotton,As-needed
62,2.86,39,49,283,6.65,Loamy,Wheat,Monthly
57,5.89,23,36,46,7.76,Black,Cotton,Weekly
77,1.1,31,39,221,6.51,Loamy,Rice,As-needed
67,5.59,27,87,123,5.55,Loamy,Maize,Bi-weekly
76,1.22,35,34,283,7.14,Black,Maize,As-needed
11,9.82,37,40,9,6.7,Black,Cotton,Daily
58,4.61,20,61,135,7.9,Red,Cotton,Bi-weekly
22,10.53,33,49,37,6.7,Clayey,Cotton,Daily
32,8.28,36,80,48,5.54,Sandy,Rice,Daily
72,3.59,17,87,197,8.09,Red,Rice,Monthly
43,5.67,18,84,40,7.59,Clayey,Sugarcane,Weekly
53,5.22,31,76,69,7.53,Loamy,Cotton,Weekly
37,6.23,34,65,89,8.29,Red,Maize,Weekly
64,3.12,21,84,271,5.94,Black,Maize,Monthly
79,1.64,33,73,226,7.75,Loamy,Maize,As-needed
82,2.78,26,71,267,7.63,Clayey,Cotton,As-needed
69,3.56,16,31,141,8.39,Loamy,Maize,Bi-weekly
44,6.16,36,77,77,7.64,Clayey,Wheat,Weekly
72,2.33,35,42,266,7.19,Clayey,Sugarcane,Monthly
67,4.54,26,64,130,7.68,Sandy,Wheat,Bi-weekly
66,3.03,25,41,184,7.18,Loamy,Rice,Bi-weekly
62,2.16,21,66,261,7.97,Black,Wheat,Monthly
82,2.35,23,34,251,7.02,Clayey,Cotton,As-needed
69,2.1,26,39,266,8.39,Red,Sugarcane,Monthly
58,5.65,26,82,189,7.45,Sandy,Wheat,Bi-weekly
13,10.69,31,34,32,5.87,Sandy,Cotton,Daily
38,11.87,30,61,34,7.83,Black,Cotton,Daily
51,5.59,36,45,85,8.17,Clayey,Wheat,Weekly
34,6.39,25,39,87,5.7,Black,Rice,Weekly
76,3.04,28,81,253,6.11,Red,Maize,Monthly
74,3.44,33,48,167,5.62,Clayey,Rice,Monthly
73,2.2,33,37,281,7.23,Black,Wheat,As-needed
63,2.85,33,71,238,6.68,Loamy,Wheat,Monthly
31,10.9,22,41,30,7.56,Black,Maize,Daily
79,3.76,16,55,158,7.77,Sandy,Sugarcane,Monthly
59,5.16,27,86,138,6.52,Loamy,Maize,Bi-weekly
42,6.91,27,73,125,7.19,Clayey,Cotton,Weekly
72,3.38,22,30,246,8.46,Loamy,Cotton,Monthly
58,6.04,32,38,135,8.48,Red,Cotton,Weekly
18,8.44,29,82,32,8.11,Red,Rice,Daily
20,11.89,37,89,21,8.04,Clayey,Maize,Daily
25,8.23,27,62,35,7.33,Black,Sugarcane,Daily
51,5.73,33,69,38,6.16,Black,Cotton,Weekly
39,8.68,29,65,49,6.79,Red,Wheat,Daily
72,3.3,32,32,288,7.25,Sandy,Cotton,Monthly
21,9.13,18,63,10,7.0,Loamy,Cotton,Daily
53,4.21,18,59,176,8.17,Sandy,Maize,Bi-weekly
31,9.97,29,55,1,7.26,Red,Cotton,Daily
48,6.99,20,42,146,5.86,Black,Maize,Weekly
72,2.09,37,35,238,5.9,Clayey,Rice,As-needed
62,3.21,32,62,186,8.36,Clayey,Maize,Monthly
55,5.07,26,83,102,8.22,Loamy,Maize,Bi-weekly
60,2.82,19,51,229,5.59,Loamy,Sugarcane,Monthly
53,4.37,38,34,177,8.18,Black,Cotton,Bi-weekly
75,3.98,37,82,288,7.8,Clayey,Sugarcane,Monthly
69,2.23,21,36,289,6.23,Clayey,Maize,Monthly
77,1.72,20,60,243,5.72,Red,Sugarcane,As-needed
58,5.44,16,53,102,7.47,Loamy,Rice,Weekly
80,1.98,32,63,263,7.52,Black,Maize,As-needed
41,7.84,38,50,94,6.69,Red,Cotton,Weekly
56,4.92,32,84,141,7.55,Clayey,Maize,Bi-weekly
37,10.02,39,56,3,6.09,Red,Rice,Daily
71,1.32,28,54,229,8.34,Red,Sugarcane,As-needed
61,5.6,16,46,192,8.1,Black,Maize,Bi-weekly
37,5.21,36,42,118,6.17,Loamy,Rice,Weekly
63,2.67,35,51,166,6.14,Red,Cotton,Monthly
70,1.68,38,40,238,6.79,Clayey,Sugarcane,As-needed
57,6.56,17,81,57,7.72,Sandy,Wheat,Weekly
62,5.61,31,74,109,5.6,Red,Sugarcane,Bi-weekly
35,6.97,17,60,95,6.53,Red,Cotton,Weekly
60,3.07,33,37,277,6.68,Black,Maize,Monthly
57,3.69,36,68,183,8.37,Loamy,Maize,Bi-weekly
45,5.24,39,50,67,7.51,Loamy,Rice,Weekly
19,9.5,21,36,4,5.93,Clayey,Sugarcane,Daily
30,8.78,19,47,44,5.59,Red,Sugarcane,Daily
69,2.55,39,59,170,6.5,Red,Maize,Monthly
40,5.14,21,76,86,7.77,Clayey,Maize,Weekly
51,5.96,20,52,167,5.58,Loamy,Rice,Bi-weekly
36,11.56,36,47,25,5.71,Sandy,Maize,Daily
67,3.72,15,34,125,7.51,Loamy,Cotton,Bi-weekly
67,3.98,38,49,296,8.06,Loamy,Sugarcane,Monthly
12,8.77,27,84,13,7.36,Sandy,Sugarcane,Daily
53,5.57,30,88,168,5.53,Black,Wheat,Bi-weekly
78,3.25,22,33,210,7.66,Loamy,Wheat,Monthly
76,2.93,15,46,182,8.35,Sandy,Rice,Monthly
19,8.54,25,38,6,6.14,Clayey,Sugarcane,Daily
52,7.76,39,76,98,7.97,Clayey,Wheat,Weekly
63,2.08,33,55,188,7.51,Black,Cotton,Monthly
73,1.99,31,40,211,6.96,Clayey,Sugarcane,As-needed
10,9.74,27,56,36,7.23,Loamy,Cotton,Daily
71,2.22,30,31,250,6.18,Black,Wheat,As-needed
65,4.26,17,86,102,6.16,Black,Rice,Bi-weekly
63,3.1,34,44,124,6.67,Sandy,Rice,Bi-weekly
65,3.81,18,75,215,5.76,Sandy,Sugarcane,Monthly
13,8.21,33,31,30,6.04,Clayey,Cotton,Daily
62,2.45,38,48,204,6.95,Black,Maize,Monthly
10,10.69,31,87,10,5.99,Black,Cotton,Daily
75,3.84,17,77,192,7.82,Clayey,Rice,Monthly
35,6.11,38,38,62,8.15,Sandy,Rice,Weekly
34,8.18,35,66,32,8.09,Loamy,Cotton,Daily
70,2.79,34,43,299,7.33,Sandy,Sugarcane,As-needed
50,3.06,32,82,102,6.43,Sandy,Rice,Bi-weekly
72,2.78,15,59,289,8.13,Sandy,Wheat,As-needed
62,5.36,24,89,147,8.06,Loamy,Sugarcane,Bi-weekly
68,5.25,17,49,151,7.32,Loamy,Rice,Bi-weekly
74,2.31,35,55,274,8.33,Black,Sugarcane,Monthly
64,4.69,33,34,156,6.98,Loamy,Cotton,Bi-weekly
77,3.85,27,44,219,8.3,Black,Cotton,Monthly
53,5.39,27,72,100,6.73,Loamy,Sugarcane,Bi-weekly
